file,Assays,treatment,date,day,format,plant_region_red_channel,plant_region_green_channel,plant_region_blue_channel,plant_region_chroma_ratio,plant_region_chroma_difference,plant_region_chroma_base,plant_region_green_strength,plant_region_blue_green_ratio,total_area,class_background_area,plant_region_area,plant_region_filled_area,plant_region_convex_area,plant_region_equivalent_diameter,plant_region_major_axis_length,plant_region_minor_axis_length,plant_region_perimeter,plant_region_eccentricity,plant_region_extent,plant_region_solidity,plant_region_aspect_ratio
hP_c01,Experiment 1,highP_control,13.05.22,day 04,jpg,154.1283255086070,181.52738654147100,133.0,1.2644338465731000,-37.963223787167500,1.581735577088870,0.3873363364065300,0.7326718162695270,12689910,12665856,24054,24054,1004984,175.004297115984,1716.4993296105600,382.4564057265110,2022.066017177980,0.9748614648843470,0.008916537296436500,0.02393470940830900,4.488091463260780
hP_c02,Experiment 1,highP_control,13.05.22,day 04,jpg,157.51955782312900,186.94897959183700,144.2627551020410,1.2389657815247300,-36.057823129251700,1.6142495860851800,0.38251894743435400,0.7716691228644720,12689910,12645792,44118,45012,674978,237.00797926362300,1153.0231924849500,488.1237671341230,2333.663996924430,0.9059696980126900,0.01655514328428110,0.06536213032128460,2.3621533515046700
hP_c03,Experiment 1,highP_control,13.05.22,day 04,jpg,174.16666666666700,204.0185185185190,154.85185185185200,1.2401643496369700,-39.50925925925930,1.612689479894710,0.38274735964424700,0.7590088045747480,12689910,12687862,2048,2048,15812,51.064611891383400,298.03281964108700,85.39524034662080,488.38477631085000,0.958071374190627,0.07473088852399200,0.12952188211484900,3.4900401759087100
hP_c04,Experiment 1,highP_control,13.05.22,day 04,jpg,140.26112759643900,160.94807121661700,125.94213649851600,1.2092118536849100,-27.846439169139500,1.6539698927903100,0.37679402570336900,0.7825016823532660,12689910,12664564,25346,25346,5236075,179.64278304696100,3780.7791165005100,514.6249304424160,2142.3086578651000,0.9906928917310380,0.002375259960985240,0.004840648768399990,7.346669181475960
hP_c05,Experiment 1,highP_control,13.05.22,day 04,jpg,177.01666666666700,209.85,163.45,1.23271979635794,-39.616666666666600,1.6224287189262200,0.3813259032678160,0.7788896831069810,12689910,12687677,2233,2233,964353,53.3211393669867,1521.9523295565100,855.67402212973,417.2132034355960,0.8269868234920240,0.001003400688046190,0.002315542130319500,1.7786590339256100
hP_c06,Experiment 1,highP_control,13.05.22,day 04,jpg,152.6450676982590,182.74177949709900,130.47485493230200,1.290914307966630,-41.18181818181820,1.5492895133762000,0.3922661568068160,0.7139848111984340,12689910,12651030,38880,39672,312739,222.4939403653570,462.34413970793500,326.0889404159520,2099.17871555019,0.7089140817611870,0.02977325461186800,0.1243209193608730,1.4178467356733400
hP_c07,Experiment 1,highP_control,13.05.22,day 04,jpg,147.3706896551720,178.04885057471300,137.20402298850600,1.251332902496160,-35.761494252873600,1.598295702135210,0.3848676650537600,0.7705976339955780,12689910,12676825,13085,13085,59936,129.07493731495500,561.1969838635280,171.92032671950100,1245.8822509939100,0.9519203034955480,0.15027275337352900,0.21831620395088100,3.2642852335847100
hP_c08,Experiment 1,highP_control,13.05.22,day 04,jpg,155.45823389021500,175.07159904534600,146.75178997613400,1.1586088165147800,-23.966587112171800,1.7262081657692000,0.36680984693545900,0.8382387022016220,12689910,12674116,15794,15794,2283886,141.80812871463700,3029.1441855261900,1580.6028272606500,2156.7523086790000,0.853068782573846,0.004690968978836580,0.006915406460742790,1.9164486696357600
hP_c09,Experiment 1,highP_control,13.05.22,day 04,jpg,146.58833619211000,173.9236706689540,127.88421955403100,1.2673301357664000,-36.68739279588340,1.5781207623462100,0.3878794254346540,0.7352893315910160,12689910,12646141,43769,45805,1983311,236.06867990801600,608.988432718334,394.2665409435250,2443.0782104868000,0.7621400418642140,0.013258090361235900,0.022068651865491600,1.5446109914905700
hP_c10,Experiment 1,highP_control,13.05.22,day 04,jpg,148.41095890411000,174.84931506849300,129.7583170254400,1.2571432591482600,-35.76467710371820,1.590908582173080,0.3859649880665680,0.742115100505887,12689910,12651474,38436,38622,301085,221.2198796253190,762.0388482077210,289.8002335192070,2008.6934341759500,0.924864879053983,0.022589971101340400,0.12765830247272400,2.629531518846120
hP_c11,Experiment 1,highP_control,16.05.22,day 07,jpg,156.56513026052100,186.30260521042100,146.23246492986000,1.230542171864250,-34.90380761523050,1.6252998440273200,0.38090887114287000,0.7849190555585440,12689910,12671238,18672,18672,442445,154.18796574082900,825.3527812947730,348.2412110973740,2111.965512114590,0.906628347505729,0.009559515819124870,0.04220185559787090,2.3700606217567700
hP_c12,Experiment 1,highP_control,16.05.22,day 07,jpg,103.52315325248100,135.08847850055100,101.92861080485100,1.315038389866100,-32.36259647188530,1.5208681475859100,0.39668873636157600,0.7545322290711510,12689910,12553541,136369,136369,6096806,416.6898168614030,725.8528593606940,511.27822866652700,2944.0904037956200,0.7098203647730560,0.01339876377148930,0.02236728542781250,1.4196827063295900
hP_c13,Experiment 1,highP_control,16.05.22,day 07,jpg,153.36338797814200,182.13387978142100,139.4398907103830,1.2440699475579900,-35.73224043715850,1.6076266482651000,0.3834904819159280,0.7655900751563880,12689910,12676182,13728,13728,2459072,132.2082919870170,1165.4390370312000,440.74266748301000,1470.7106781186500,0.9257331572334020,0.0017196872243699500,0.005582593758946460,2.644261885709370
hP_c14,Experiment 1,highP_control,16.05.22,day 07,jpg,138.53385757972900,164.8090869375270,123.50982961992100,1.2578748887162400,-33.78724333770210,1.5899832470947500,0.3861028835308980,0.7494115276953090,12689910,12603817,86093,92029,422480,331.08459964922000,595.9562848842290,541.9014545825990,4053.386868351900,0.4161470629984190,0.10871426406707700,0.20378006059458400,1.0997502956386500
hP_c15,Experiment 1,highP_control,16.05.22,day 07,jpg,147.69744744744700,177.16066066066100,134.90765765765800,1.253768296894510,-35.8581081081081,1.5951910771343100,0.38532808193230700,0.7614989532922560,12689910,12639775,50135,52944,998469,252.65364548190700,1265.3777300795600,523.1717067009880,3369.060966544100,0.9105263633191760,0.013022923566465400,0.05021187437967530,2.4186662120143400
hP_c16,Experiment 1,highP_control,16.05.22,day 07,jpg,139.54847645429400,168.89012003693400,122.77562326869800,1.2876447128973600,-37.7280701754386,1.5532234784700500,0.3916617595100700,0.726955627965972,12689910,12649119,40791,41895,100928,227.89627963021300,552.8940719323900,290.3315465089120,2327.906637611550,0.8510328676476200,0.3260671462829740,0.4041594007609390,1.9043541033713300
hP_c17,Experiment 1,highP_control,16.05.22,day 07,jpg,151.83479648842800,180.9489225857940,138.59856344772500,1.2460615586692400,-35.732242617717500,1.6050571386986200,0.3838687394394570,0.7659540685135120,12689910,12642825,47085,51654,1413151,244.8478792308710,1397.463984370880,436.19452880182300,2967.1198410471400,0.9500384379889130,0.005047013274336280,0.03331915697614760,3.203763211357920
hP_c18,Experiment 1,highP_control,16.05.22,day 07,jpg,146.57670384138800,172.30309789343200,140.3645600991330,1.2009642358664000,-28.832465923172200,1.6653285254220500,0.37518827058726400,0.814637472078108,12689910,12538275,151635,151635,3828364,439.3946726644700,2210.1627057334400,515.6271392575210,4190.801081914280,0.9724052223516770,0.021460293468292500,0.03960830265878580,4.2863583730599800
hP_c19,Experiment 1,highP_control,16.05.22,day 07,jpg,148.98491379310300,176.28663793103400,133.17241379310300,1.2495627133920500,-35.20797413793100,1.600559922735550,0.3845325736420990,0.7554311282809880,12689910,12672409,17501,17501,323605,149.2747978474940,803.140944446704,378.73778778291200,2160.208152801710,0.8818282234667050,0.012644354148845200,0.054081364626628100,2.120572518385870
hP_c20,Experiment 1,highP_control,16.05.22,day 07,jpg,137.18460490463200,167.06267029972800,125.41144414168900,1.2723928703912700,-35.764645776566800,1.5718415644572000,0.38882644009645800,0.7506850208768270,12689910,12634669,55241,61802,2338909,265.2075143933810,1010.8977944260200,564.1820946168390,3194.3330444827400,0.8297736744133470,0.014283361348796500,0.023618276726456700,1.7917934724826100
hP_c21,Experiment 1,highP_control,19.05.22,day 10,jpg,131.906648362424,158.3467346538540,118.8535006864090,1.2629338055068500,-32.966660129437100,1.5836142727982100,0.387054681702521,0.7505901586554540,12689910,12498217,191693,191693,5621259,494.03553318452500,2037.9160882365000,562.5662965702480,5253.026478658690,0.9611433382125400,0.016305117050688700,0.03410143528344810,3.622534980607440
hP_c22,Experiment 1,highP_control,19.05.22,day 10,jpg,119.32428268823400,145.1727325245520,106.94896976699400,1.2831629982715400,-32.036106296938200,1.5586484356968300,0.39083134128493700,0.7367014997041980,12689910,12494837,195073,195073,2205295,498.3720073500540,833.153854230209,571.7928585013560,3561.546247918340,0.7273192907094940,0.02853565219426530,0.08845664638971200,1.4570903463430300
hP_c23,Experiment 1,highP_control,19.05.22,day 10,jpg,119.9960697617290,148.6737902235320,104.5846229427660,1.3240122152366700,-36.3834438712847,1.510560081685120,0.398317493891159,0.7034503040887170,12689910,12536840,153070,153214,3037672,441.46888578088000,764.2253354688140,632.0397593738430,4348.457936163770,0.5621530139390010,0.017474093375153000,0.050390562246351800,1.2091412353962100
hP_c24,Experiment 1,highP_control,19.05.22,day 10,jpg,120.05150034891800,147.78883461270100,107.9003489183530,1.2966671258667400,-33.81290997906490,1.5424159062127300,0.3933266770225790,0.7300981105989480,12689910,12420736,269174,269390,1260475,585.4254702475310,1231.0467387338100,642.730707966125,5660.281312654630,0.852883677485631,0.07828475835825770,0.21354965390031500,1.915338295612750
hP_c25,Experiment 1,highP_control,19.05.22,day 10,jpg,142.69054054054100,170.63436293436300,132.77200772200800,1.2388933741492000,-32.90308880308880,1.6143439312309500,0.3825051432805000,0.7781082628302750,12689910,12495192,194718,195156,1023137,497.91832429801300,742.8431913811900,563.1720637580600,4179.913780286480,0.6521028893765310,0.0592552242939177,0.19031468903968900,1.319034162355600
hP_c26,Experiment 1,highP_control,19.05.22,day 10,jpg,132.08153078203000,157.30965058236300,116.71780366056600,1.2645504131656600,-32.9099833610649,1.581589772283750,0.3873582126548980,0.74196213155693,12689910,12464246,225664,234271,6911287,536.026425303003,1808.8510575369800,870.3257599087800,5764.38181771802,0.8766391699789480,0.019285418103119700,0.03265151628054230,2.0783609320337300
hP_c27,Experiment 1,highP_control,19.05.22,day 10,jpg,120.59880239521000,146.17664670658700,103.67347657625900,1.303564108564510,-34.04050722085240,1.5342551907189400,0.39459325314287400,0.7092341965153840,12689910,12476526,213384,214644,3363336,521.2378986736940,1131.8741285351900,693.6794081314920,5399.168614282420,0.7901921735437880,0.030201048765471400,0.06344415187777850,1.6316963070650000
hP_c28,Experiment 1,highP_control,19.05.22,day 10,jpg,134.70034657424700,161.54172220741100,121.38256464942700,1.2616360961806900,-33.500266595574500,1.585243166436450,0.38681080874044900,0.7514007093076410,12689910,12549028,140882,143391,2424428,423.52866909027400,877.2805113254250,438.0888616416290,4025.386868351900,0.8663879797309720,0.030884365910527800,0.05810937672721150,2.0025172702132500
hP_c29,Experiment 1,highP_control,19.05.22,day 10,jpg,142.73340961098400,169.3913043478260,132.4216247139590,1.2312426320921600,-31.8137871853547,1.6243752026369800,0.38104307607966900,0.7817498378904140,12689910,12624279,65631,66520,5268699,289.0743581857680,2701.385103743400,1187.915964723380,5412.541197284450,0.8981235113388860,0.0072017473545256600,0.01245677538230980,2.2740540441953300
hP_c30,Experiment 1,highP_control,19.05.22,day 10,jpg,143.94850770744500,173.30764184978700,131.94588389635900,1.2563331993980000,-35.36044604788460,1.5919343697661900,0.385812238019826,0.7613390990036240,12689910,12575300,114610,117233,850504,382.00259714051300,702.1151558471340,604.4222799278240,5268.1391770309,0.5088432625424090,0.042603382249842200,0.13475539209692100,1.1616301701038800
hP_c31,Experiment 1,highP_control,22.05.22,day 13,jpg,136.03395477984900,163.38754462514900,120.86005553351800,1.2720229983240400,-34.94053946846490,1.5722986161689700,0.3887573525539350,0.7397140082544310,12689910,12212766,473746,488962,6102019,776.6544542845970,1303.056162344360,1042.5258313036400,8684.999133448220,0.5999172098620610,0.04039137548395460,0.07763758192165580,1.2499029982930300
hP_c32,Experiment 1,highP_control,22.05.22,day 13,jpg,120.51520952988700,146.3057860029780,103.66539034248000,1.3052493042330500,-34.21548606679430,1.532274327604540,0.39490192239399700,0.7085529094547920,12689910,12336651,353259,360870,5825649,670.6588762803330,1048.7848933270600,737.0650294006960,5555.109739779380,0.7114072642528290,0.03943238898935100,0.060638565763230800,1.4229204364502600
hP_c33,Experiment 1,highP_control,22.05.22,day 13,jpg,135.81132682612900,162.34774214308700,121.42153813150300,1.262262830760970,-33.73130966427120,1.5844560667244600,0.3869286125135810,0.7479102359457920,12689910,12339759,350151,358314,473065,667.7021041067360,824.2520896169970,725.2174234988240,5230.1391770309,0.4752532351242390,0.5898939154254750,0.7401752401889800,1.1365585863069600
hP_c34,Experiment 1,highP_control,22.05.22,day 13,jpg,133.63866231647600,162.94383593567900,117.34152878117000,1.2984597328024500,-37.4537403868562,1.5402865021338900,0.3936563844904820,0.7201348127552950,12689910,12367521,322389,331681,6812500,640.6859008809420,954.5542757072500,725.8416858142070,5481.452885529890,0.6494567324130790,0.038065763447685700,0.047323155963302800,1.3150998273631600
hP_c35,Experiment 1,highP_control,22.05.22,day 13,jpg,139.46679359390700,166.64497704110200,125.49904804569400,1.2578600774341900,-34.162056221301400,1.5900019691217500,0.3861000925567220,0.7530922940133990,12689910,12354454,335456,335456,5348102,653.5410046192040,1248.647137803410,839.453371049019,7319.577777210910,0.7402876058728910,0.03752319360570130,0.062724308549089,1.4874526458128800
hP_c36,Experiment 1,highP_control,22.05.22,day 13,jpg,127.96265132652200,153.17910191465600,113.70945307804600,1.2676605956824000,-32.34304971237230,1.577709370167320,0.3879413294506080,0.7423300675923740,12689910,12252278,437632,459849,4907785,746.4652493194430,1107.1444393815600,861.3548812044940,7124.891485709900,0.6282681820679450,0.06532683794799760,0.08917098039135780,1.2853522555457700
hP_c37,Experiment 1,highP_control,22.05.22,day 13,jpg,120.38800859406500,148.5326977306300,103.95259836175600,1.324171310278040,-36.36239425271920,1.5103785926158300,0.3983462904525460,0.6998633967470160,12689910,12130089,559821,566692,2213922,844.2666848651460,1337.115580427980,943.8699427747510,8802.011326757040,0.7083114656720170,0.11518310711133300,0.25286392203519400,1.4166311690116800
hP_c38,Experiment 1,highP_control,22.05.22,day 13,jpg,126.03678516228700,152.7132405976300,110.06254507985600,1.2936355257002000,-34.66357547655850,1.5460305165301200,0.39276826947182700,0.7207138336475310,12689910,12325548,364362,371721,1109148,681.1168086303500,867.0470305183860,703.6344932061420,5634.322943214980,0.5843110494810220,0.09422947217716580,0.3285062047625750,1.2322406574578900
hP_c39,Experiment 1,highP_control,22.05.22,day 13,jpg,148.61702542125300,178.20804519333800,136.08054933281400,1.2519112278865100,-35.85925781630470,1.597557363053940,0.38497706122813100,0.7636049718472590,12689910,12302595,385863,394068,1595378,700.925124710296,940.3459688838830,812.4001747151600,6008.080302527860,0.503598989671012,0.09701168324747520,0.24186305690563600,1.1574910963228000
hP_c40,Experiment 1,highP_control,22.05.22,day 13,jpg,127.62871949180900,154.90354396522900,109.35172183216300,1.3073107898677900,-36.413323303243100,1.5298580991611600,0.39527908712807900,0.7059342803461560,12689910,12240297,449613,464156,2209553,756.6142025015200,1112.610536079070,833.8173180738920,7228.1463197058400,0.6620900931518430,0.05507355340559320,0.20348595394634100,1.334357672792390
hP_c41,Experiment 1,highP_control,25.05.22,day 16,jpg,123.65498323681800,151.24894849131400,112.22505333739700,1.2824226304859500,-33.308930204206000,1.5595482740679200,0.3906939400719680,0.7419889821174020,12689910,12073221,616371,628737,9530905,885.882572030829,1749.0260872779100,1199.495442559090,9788.780879378740,0.7277828586012310,0.054024241582813000,0.0646707736568563,1.4581348333816200
hP_c42,Experiment 1,highP_control,25.05.22,day 16,jpg,141.12052850219200,172.46665128086800,128.08262174013400,1.2813122812687700,-37.865076159704600,1.5608997347778300,0.3904877596024880,0.7426515258972990,12689910,12038806,651104,655879,3569199,910.5006098489140,1183.1193896069000,1015.5828916376000,8889.484414822460,0.5129905420952220,0.10495495234097600,0.18242300303233300,1.1649658529587400
hP_c43,Experiment 1,highP_control,25.05.22,day 16,jpg,122.28479480690900,152.8794146770820,108.19771151941900,1.3266031953039200,-37.638161513917900,1.5076098166202600,0.39878612428938200,0.7077323768406520,12689910,11994598,682897,708335,5696765,932.46526229185,1302.35440029606,959.7745691615640,10076.538238691600,0.6759434974129330,0.07183915784654530,0.11987452527882100,1.356937808254040
hP_c44,Experiment 1,highP_control,25.05.22,day 16,jpg,126.6520717270200,155.12382486072400,113.0798659470750,1.2941440040551300,-35.25785602367690,1.545423070178520,0.39286200070853800,0.7289651737803810,12689910,11823309,863443,888718,5042850,1048.5083558201900,1535.0820198442300,1241.2453660698100,12272.143361113000,0.5883784236749370,0.10370123138178800,0.1712212340244110,1.2367272916432300
hP_c45,Experiment 1,highP_control,25.05.22,day 16,jpg,119.9278510473240,149.69908844065200,104.78845034910800,1.332338486441720,-37.34093774243600,1.5011200384531400,0.3998208740986560,0.699993910722117,12689910,11915217,774693,799830,4153080,993.1614987651890,1308.3610075655400,1050.0003005404300,8850.940258945180,0.5966103869595430,0.13594215238012300,0.18653457193215600,1.2460577457855300
hP_c46,Experiment 1,highP_control,25.05.22,day 16,jpg,122.86801005637700,152.15549291482600,106.5079612981870,1.3266907777330100,-37.46750723754380,1.5075102906929900,0.39880195256292900,0.699994191848259,12689910,11703485,986425,991947,6215943,1120.6941232626200,1447.8239464072100,1273.249988387730,13355.782971419800,0.47604076560457700,0.09536809372288110,0.15869273576028600,1.1371089413796400
hP_c47,Experiment 1,highP_control,25.05.22,day 16,jpg,123.2104762471020,152.85165586539000,106.62102384208300,1.3301192900544700,-37.93590582079790,1.5036245357497900,0.3994209138474180,0.6975457559712650,12689910,12057953,631957,665087,2551668,897.0131788174570,1120.710790215930,1067.309828686520,8279.543289325510,0.30500481135480100,0.06524814567020190,0.24766427293832900,1.050033233175710
hP_c48,Experiment 1,highP_control,25.05.22,day 16,jpg,119.8243959929290,149.13794932233400,101.67106658809700,1.346645638555940,-38.390218031820900,1.4851717057092200,0.40238668326324700,0.6817249871684490,12689910,12052242,637668,652039,7005720,901.057220165391,1334.8262168288500,1092.6775549185600,9863.425540319420,0.5743759744933950,0.06283714950789060,0.09102105136945240,1.2216103559739900
hP_c49,Experiment 1,highP_control,25.05.22,day 16,jpg,125.01186604023600,155.5592699674740,111.70750511986500,1.3142926935393400,-37.1995843874232,1.5217310495838500,0.39655299488223600,0.7181025286581910,12689910,12063901,623741,636832,9183320,891.1631202381840,1705.0359326823100,1186.1937864558800,11409.248916810300,0.7183322872488700,0.05990720516153520,0.06792107865129390,1.4374008295698700
hP_c50,Experiment 1,highP_control,25.05.22,day 16,jpg,133.58672613445700,163.8161135889360,119.7808830148530,1.2931101504170400,-37.13230901428050,1.546658650351620,0.3926713931063870,0.73119109219878,12689910,11769935,918186,918186,4695650,1081.2357396156500,1926.039031628050,1368.222112008600,12148.604255869600,0.7038170273363640,0.11156150580925700,0.19553970163875100,1.4076947117895500
hP_c51,Experiment 1,highP_control,30.05.22,day 21,jpg,124.36903189089200,157.17522713876300,107.71594951116900,1.3544627161072100,-41.13273643773250,1.4766002609123900,0.4037793324109550,0.6853239627646370,12689910,10840702,1848728,1912052,4257978,1534.2338795174400,1957.9123378243700,1672.182220157460,15802.986073587600,0.5201681249580990,0.2593161350628480,0.43417979144091400,1.1708725964327
hP_c52,Experiment 1,highP_control,30.05.22,day 21,jpg,101.13291155718700,128.86547423780900,85.14626780181730,1.3835735660983800,-35.72588455830670,1.4455320981882600,0.40890896534984700,0.6607376281771800,12689910,11237377,1442881,1488885,6229237,1355.408848852260,1670.7798001288300,1606.2724556212300,19890.733331632700,0.2751864523843120,0.1277435477105280,0.23163045490162000,1.0401596530413300
hP_c53,Experiment 1,highP_control,30.05.22,day 21,jpg,122.36735995916800,154.3310259027690,105.61847645782800,1.3538650323916700,-40.33810769427080,1.4772521279073900,0.40367308144961800,0.6843632110912660,12689910,10328355,2355607,2434699,10104683,1731.8348605611800,2416.6482866516500,2114.081539956480,22778.237948990700,0.48448599973566700,0.21580474657263500,0.23312032648624400,1.1431197146262300
hP_c54,Experiment 1,highP_control,30.05.22,day 21,jpg,126.0494039896210,158.92841793707400,108.46758433344100,1.3553680615933900,-41.669923775543300,1.4756139359287900,0.4039402046849540,0.6824933246135240,12689910,10834801,1853398,1923825,5893970,1536.1704416284900,2050.1634979479600,1802.4505163980300,18241.377992573400,0.4765008026200420,0.26484700260574600,0.31445663958248900,1.1374312244892800
hP_c55,Experiment 1,highP_control,30.05.22,day 21,jpg,120.18857772761900,149.39177449410800,108.16125561008900,1.3084465384581300,-35.21685782525400,1.5285301624602800,0.39548668030402000,0.7240107828985930,12689910,11246563,1431534,1507986,11295560,1350.068775445500,2110.9824167879100,1946.2191140366700,26860.00245097860,0.38731018611685,0.1189212458496930,0.12673422123383000,1.0846581464352700
hP_c56,Experiment 1,highP_control,30.05.22,day 21,jpg,106.32209623046300,134.74187863928900,89.72670855041370,1.3745748543572100,-36.717476248850700,1.4549953344921800,0.4073327496595240,0.665915522750108,12689910,11218957,1470953,1533839,8211662,1368.5304264234800,1820.8985240033100,1404.5759794896000,14820.133259845200,0.6363939281464890,0.13255669390338700,0.17912975473174600,1.2964044313679600
hP_c57,Experiment 1,highP_control,30.05.22,day 21,jpg,114.59012852849200,145.90652610593400,95.34311519233960,1.3900278347526500,-40.93990424551810,1.4388201084878900,0.4100343426395710,0.6534533974382800,12689910,10201665,2488011,2587278,5872699,1779.8410021504900,2403.4130734640100,1999.1417059059000,23214.438959117500,0.5550862336720830,0.27870715848554200,0.42365716342690100,1.2022224669535900
hP_s01,Experiment 1,highP_SynCom9,13.05.22,day 04,jpg,141.91081871345000,167.17397660818700,126.22953216374300,1.2469139841228300,-33.10380116959060,1.6039598765162200,0.3840304948699430,0.755078838972601,12689910,12664236,25674,26268,2984668,180.80141612147400,1763.7626574283300,1233.4317684291100,1883.7228714274700,0.7148102580122400,0.005201837115271930,0.008601961759230840,1.4299637017414000
hP_s02,Experiment 1,highP_SynCom9,13.05.22,day 04,jpg,167.39247311828000,195.40860215053800,159.3978494623660,1.19592649260484,-32.01344086021500,1.6723435866395200,0.37420337901141800,0.8157156220767070,12689910,12682880,7030,7030,155919,94.60905876018530,777.3213455006980,161.50808683526800,734.5269119345810,0.9781766058576910,0.012114006065619000,0.04508751338836190,4.812894268839530
hP_s03,Experiment 1,highP_SynCom9,13.05.22,day 04,jpg,164.86519607843100,191.9485294117650,153.51470588235300,1.2057829544492300,-32.75857843137250,1.658673306518550,0.37612744580095500,0.7997701589733770,12689910,12674574,15336,15336,2220136,139.7369015616790,1760.7825303625700,1067.758460425080,1900.9949493661200,0.7951511237678530,0.0028792581517025100,0.006907684934616620,1.6490457304937700
hP_s04,Experiment 1,highP_SynCom9,13.05.22,day 04,jpg,143.05429071803900,168.9982486865150,125.7092819614710,1.2575978731168200,-34.6164623467601,1.5903334784140600,0.38605067970331500,0.7438496134634910,12689910,12668420,21490,22349,2020163,165.4143821327480,1145.7153278273900,464.7400789052120,1709.681240867130,0.914035981184503,0.0027957471858768600,0.010637755468246900,2.465281949700460
hP_s05,Experiment 1,highP_SynCom9,13.05.22,day 04,jpg,137.56006006006000,162.75675675675700,120.32432432432400,1.262245925787910,-33.81456456456460,1.5844772869847600,0.38692543557489500,0.7392892726668880,12689910,12664811,25099,25507,4562239,178.76531915701100,2599.949947119770,1208.910176431830,2067.1370849898500,0.8853241236185300,0.0036875018823904500,0.005501465398897340,2.1506560187901400
hP_s06,Experiment 1,highP_SynCom9,13.05.22,day 04,jpg,152.6727272727270,181.9121212121210,138.35151515151500,1.2501509819030000,-36.400000000000000,1.5998067665039700,0.38464397157667400,0.7605403874664760,12689910,12677515,12395,12611,3788439,125.62565087191500,1223.3489552457700,555.0433836223650,680.5269119345810,0.8911503354150070,0.0012586531771269800,0.0032717961144418600,2.2040600633086800
hP_s07,Experiment 1,highP_SynCom9,13.05.22,day 04,jpg,159.91666666666700,189.96825396825400,147.8293650793650,1.2345780895399200,-36.0952380952381,1.6199866310160400,0.38168133690521800,0.7781793114973260,12689910,12670977,18933,20817,53028,155.26185719767400,538.6580813247810,149.94247227929600,1598.4091629284900,0.9604759485200240,0.2212574500409020,0.3570377913555100,3.5924316381914100
hP_s08,Experiment 1,highP_SynCom9,13.05.22,day 04,jpg,140.96216216216200,167.08648648648600,132.38378378378400,1.22252763550792,-30.41351351351350,1.63595483808353,0.37936917034855200,0.7923069457474690,12689910,12682965,6945,6945,1408538,94.03535844662740,979.3434167716110,423.6159525353230,875.2548339959390,0.9016094784309430,0.00236825737177651,0.004930644398660170,2.3118662338145800
hP_s09,Experiment 1,highP_SynCom9,13.05.22,day 04,jpg,142.34302325581400,170.65503875969000,130.80620155038800,1.2495370534605700,-34.08042635658910,1.6005927911149500,0.38452771361073900,0.7664948102387060,12689910,12670497,19413,19413,52508,157.21768120012400,520.7756272928360,137.89530202663100,1452.2670273047600,0.9643065627884010,0.22505216786459500,0.3697150910337470,3.776601665459650
hP_s10,Experiment 1,highP_SynCom9,13.05.22,day 04,jpg,143.58291457286400,169.73869346733700,121.10050251256300,1.2825789793438600,-37.3969849246231,1.5593581621173500,0.390722961249277,0.7134525430753750,12689910,12674939,14971,15403,431236,138.06400408589500,1057.5026425609600,249.68899674410300,1186.7106781186500,0.9717258633288710,0.011325236494025700,0.03471648934690050,4.235279312867590
hP_s11,Experiment 1,highP_SynCom9,16.05.22,day 07,jpg,155.68726355611600,180.8846153846150,140.45523329129900,1.2216052563223600,-32.81336696090790,1.6371900740022900,0.37919147726897200,0.7764907645277000,12689910,12630298,59576,65117,3029788,275.4169913370310,1070.4370790014100,536.2256500025540,3194.132034355960,0.865481527457648,0.010080705202656400,0.019663421995202300,1.9962437063507000
hP_s12,Experiment 1,highP_SynCom9,16.05.22,day 07,jpg,142.0951694304250,171.7382840663300,123.61788031723100,1.2926597638273900,-38.88175919250180,1.5471975348550200,0.3925883196400470,0.7198038631240000,12689910,12637782,52128,52650,889258,257.6265339361510,636.2518596151680,542.4400805309580,2994.6761902332500,0.5226365499706040,0.04568195620568450,0.05861965818693790,1.172944040182990
hP_s13,Experiment 1,highP_SynCom9,16.05.22,day 07,jpg,125.70031055900600,148.80900621118000,120.85170807453400,1.2071205665718800,-25.532996894409900,1.6568353281228800,0.37638764789631300,0.8121263030480110,12689910,12593166,96744,97110,7542686,350.967643118078,4049.669554684480,1082.7778799160000,5555.327993848860,0.9635927260903910,0.009386768754471730,0.012826200109616100,3.7400741461384900
hP_s14,Experiment 1,highP_SynCom9,16.05.22,day 07,jpg,148.68549087749800,180.6559513466550,137.6133796698520,1.2620095287227300,-37.50651607298000,1.5847740880563600,0.38688100620505500,0.7617428523336620,12689910,12646612,43298,45532,632825,234.79507194134900,737.2512715573100,499.5870681676430,2570.1492782986700,0.7353986465484410,0.011216459165539800,0.06842017935448190,1.4757212877053800
hP_s15,Experiment 1,highP_SynCom9,16.05.22,day 07,jpg,165.1832238113650,192.98260533436400,151.5214534209510,1.218691223766200,-34.63026671820640,1.641104786017310,0.37862943011358600,0.7851560152710290,12689910,12592843,97067,100099,1757133,351.55304420358500,688.6125636888560,593.0841964680910,4060.5584412271600,0.5081405795186610,0.015142526198378400,0.05524169200623970,1.1610704985728000
hP_s16,Experiment 1,highP_SynCom9,16.05.22,day 07,jpg,132.19458128078800,155.94889162561600,115.09051724137900,1.2612882260807600,-32.306342364532000,1.5856803850573100,0.38674540201450100,0.7380015083254040,12689910,12628960,60950,60950,5888750,278.5748557418780,1438.134911463880,1187.0505427961400,3323.5634918610400,0.5645341306900270,0.006580188913499070,0.010350244109530900,1.2115195264359200
hP_s17,Experiment 1,highP_SynCom9,16.05.22,day 07,jpg,144.95890410958900,173.4668071654370,125.97576396206500,1.2805065398242800,-37.999473129610100,1.5618819098529900,0.3903380542850170,0.7262240311019320,12689910,12654256,35654,37719,464270,213.0635649940820,778.3386263369000,415.44479674483100,1933.1370849898500,0.8456370067943290,0.01393074481074480,0.07679583001270810,1.8735067388868100
hP_s18,Experiment 1,highP_SynCom9,16.05.22,day 07,jpg,148.39478260869600,171.21565217391300,132.14260869565200,1.2206262514800800,-30.94695652173910,1.638503184389890,0.3790027641112110,0.7717904701926890,12689910,12668228,21682,21682,3889157,166.15167711746900,2634.203061907960,981.1726504641710,2515.6223663640900,0.928042551910132,0.003619016779806150,0.005574987073034080,2.6847497845173100
hP_s19,Experiment 1,highP_SynCom9,16.05.22,day 07,jpg,127.015859030837,153.15066079295200,112.28105726872200,1.2800053018755400,-33.50220264317180,1.5624935280107700,0.39024488806271700,0.7331411871641760,12689910,12647279,42631,42937,1436611,232.97955925704000,527.7542510212170,383.69974696911600,2234.208152801710,0.6865925041694440,0.013758464096995700,0.02967469969254030,1.3754354940028100
hP_s20,Experiment 1,highP_SynCom9,16.05.22,day 07,jpg,138.3135593220340,167.30757726819500,123.12063808574300,1.279921134473730,-36.59047856430710,1.5625962773263700,0.39022924088664000,0.7358939750133340,12689910,12614576,75334,79573,1691860,309.7066803655980,849.6997229350880,450.4529154183900,3736.274169979700,0.8479151991720400,0.027060404034598700,0.044527324955965600,1.8863230625244600
hP_s21,Experiment 1,highP_SynCom9,19.05.22,day 10,jpg,135.81885083498400,164.36385508066800,121.50721766204400,1.277475352891160,-35.700820832154000,1.565587935198620,0.38977420585764600,0.7392575308142360,12689910,12424668,265242,266118,3458801,581.1338944895950,1014.3985599917400,825.5308635316630,6090.523953341750,0.5811266602767550,0.03169621384625590,0.07668611174797280,1.2287833257403500
hP_s22,Experiment 1,highP_SynCom9,19.05.22,day 10,jpg,126.21028173104900,158.10455997676400,113.5120534417660,1.3190640735481600,-38.24339239035720,1.5162265731490900,0.3974204909331700,0.7179555950723240,12689910,12560571,129339,132249,241888,405.80725655968900,943.5880941690450,356.2799357989640,3418.1736649163100,0.9259769916446790,0.33260728686635900,0.534706144992724,2.648445784781650
hP_s23,Experiment 1,highP_SynCom9,19.05.22,day 10,jpg,141.2053988579340,169.34954144315600,126.18359577781600,1.2666904385788400,-35.655044125281200,1.5789177363996700,0.38775955738551900,0.7451073956416410,12689910,12472694,217216,217216,664251,525.8973292850930,822.2788937135600,499.9847500969490,4451.570634535980,0.7939005313378690,0.1570376154018550,0.3270089168100610,1.6446079476506400
hP_s24,Experiment 1,highP_SynCom9,19.05.22,day 10,jpg,128.67763031352200,153.17522600500100,113.98403539142100,1.2624591985719700,-31.84439315252930,1.5842096142689600,0.386965513354027,0.7441414539691950,12689910,12494489,195421,195421,6966792,498.8163440302360,1968.7550796415500,1532.6698730476400,6915.837661840740,0.627648357507879,0.021612664589463800,0.028050356606024700,1.284526507803520
hP_s25,Experiment 1,highP_SynCom9,19.05.22,day 10,jpg,119.33405784985800,145.06503929108800,103.35295101153700,1.302860369204390,-33.721534860391200,1.5350839178732000,0.3944642593287190,0.7124594010838670,12689910,12465091,224819,230954,4229878,535.0219072223250,869.7371790481120,627.2642456713360,4654.3990616607200,0.6927151797611500,0.03023914885603990,0.05315023270174700,1.3865562799889300
hP_s26,Experiment 1,highP_SynCom9,19.05.22,day 10,jpg,137.95046296296300,166.6300925925930,122.98240740740700,1.2771874417820700,-36.16365740740740,1.565940859244110,0.3897205956237770,0.7380564068226080,12689910,12608821,81089,85939,1283059,321.3187225217820,1604.3590937823300,767.7677604011650,4780.8427124746200,0.878059721064222,0.03162962650914460,0.06319974373742750,2.08964113437642
hP_s27,Experiment 1,highP_SynCom9,19.05.22,day 10,jpg,123.5352504638220,149.36201298701300,107.04754174397000,1.2955174283119400,-34.07061688311690,1.5437847120327800,0.3931150286695780,0.7166985741768100,12689910,12527781,162129,162129,6748225,454.34464247789600,1728.7498185008900,721.5167510772090,5407.369624409200,0.9087397125761450,0.014075858169899700,0.0240254289090835,2.3959940166599200
hP_s28,Experiment 1,highP_SynCom9,19.05.22,day 10,jpg,142.68472622478400,173.01844380403500,122.74236311239200,1.3036984599883600,-40.304899135446700,1.5340970794871200,0.3946178732041280,0.7094177962403440,12689910,12624893,65017,70149,822282,287.718986999548,801.5233973496760,510.5265221160480,3611.6467529817300,0.7709090389021150,0.03451305260855760,0.07906898120109650,1.5699936489636100
hP_s29,Experiment 1,highP_SynCom9,19.05.22,day 10,jpg,142.8879880520590,172.66780456582000,128.59867719223400,1.2720168367050200,-36.92447194367400,1.5723062323457200,0.38875620150719200,0.7447750755596860,12689910,12513900,176010,178717,867585,473.39506996676300,867.9740092119610,745.267084522166,6399.678282274300,0.512598644291543,0.07763166309772430,0.2028734936634450,1.1646482546166200
hP_s30,Experiment 1,highP_SynCom9,19.05.22,day 10,jpg,109.92671984047900,134.61515453639100,93.66824526420740,1.3223819603512600,-32.81767198404790,1.5124223257467500,0.39802225515679500,0.6958224398047680,12689910,12539116,150794,150938,432873,438.17449025336300,575.3332343965670,517.8154512341670,3944.457936163770,0.4358341193882070,0.19709778948909400,0.3483562153333660,1.1110777653028900
hP_s31,Experiment 1,highP_SynCom9,22.05.22,day 13,jpg,123.72925495557100,150.67142857142900,105.80013670540000,1.3128726345772700,-35.90673274094330,1.5233770187037000,0.3962943280325650,0.7021911035723890,12689910,12140311,549599,565837,1603072,836.5232695788570,1212.2266975171800,967.6895335084450,8115.200143575000,0.6022939401652050,0.14171994067142800,0.34284112004950500,1.2527020863004900
hP_s32,Experiment 1,highP_SynCom9,22.05.22,day 13,jpg,121.19366930445600,149.6243231986670,104.2506247396920,1.3273729001042400,-36.90217617659310,1.5067355976929600,0.3989252001369180,0.6967491816238370,12689910,12329087,360823,360823,1630693,677.8009385136430,1021.0737630746200,1005.9333088180400,6330.364573775320,0.17156945341586400,0.07533820689793410,0.22126973010861000,1.015051151128860
hP_s33,Experiment 1,highP_SynCom9,22.05.22,day 13,jpg,128.14857091497400,153.44822937264100,113.65827790760400,1.2691801751672600,-32.54480496135180,1.575820391093360,0.38822582640380900,0.7406946197573310,12689910,12271801,418109,440505,1276766,729.6251865236520,934.8667190499780,781.7273544218700,6819.962553521760,0.5484379837149330,0.21022017084734900,0.32747504241184400,1.1958986899484400
hP_s34,Experiment 1,highP_SynCom9,22.05.22,day 13,jpg,135.3887749197830,159.55420545999700,122.38582925674600,1.2379358003066200,-30.66690337173220,1.6155926660369900,0.38232252788625100,0.7670485958292740,12689910,11973936,714534,736387,5570897,953.8201847611500,1290.0817594866000,1206.6231185722600,12315.131167804200,0.35383600600047200,0.0651407410648842,0.12826192981130300,1.0691671157545000
hP_s35,Experiment 1,highP_SynCom9,22.05.22,day 13,jpg,131.3167561458040,159.20111613450100,113.85341904492800,1.2986988813843300,-36.61602853913530,1.5400028664598000,0.39370034309991800,0.7151546534933760,12689910,12158042,531868,536202,3130959,822.9188114141040,1330.2975976295600,889.2437578526680,8938.253967444160,0.7437528066166300,0.05247648874366350,0.1698738309891630,1.4959875578344800
hP_s36,Experiment 1,highP_SynCom9,22.05.22,day 13,jpg,128.38398231175500,155.04692298243500,110.78000245670100,1.2965741738459600,-35.46493059820660,1.5425264827445200,0.39330957092747900,0.7144933954558460,12689910,12383989,305921,307457,1256385,624.1079351882380,839.811767004696,798.4921609780590,5687.938166904120,0.309808526941259,0.08297118989985290,0.24349303756412200,1.0517470402915700
hP_s37,Experiment 1,highP_SynCom9,22.05.22,day 13,jpg,117.32602281668000,143.57267899291900,100.19699055861500,1.320068867795720,-34.81117230527140,1.515072469923220,0.3976028571576420,0.6978834083297770,12689910,12307937,381973,386374,2704935,697.3830573086250,1101.8802676376300,756.5968507575560,6987.477272147530,0.7269960710025200,0.094486356145733,0.14121337481307300,1.4563638039655500
hP_s38,Experiment 1,highP_SynCom9,22.05.22,day 13,jpg,121.13617335631600,146.8477386522200,103.42501846835800,1.3078639052367700,-34.56714273988340,1.5292110990997400,0.39538020387303500,0.704301063248234,12689910,12232169,457741,466801,1387087,763.4225189543590,985.473746775681,858.5493193720020,6806.891485709900,0.4909199959120360,0.17198622730507400,0.33000165094186600,1.147835918729190
hP_s39,Experiment 1,highP_SynCom9,22.05.22,day 13,jpg,125.63483882239900,151.51026469817400,108.27378352406700,1.2954654101955800,-34.55595352494100,1.5438467011620600,0.3931054491385780,0.714630020215206,12689910,12259731,430179,438978,9457347,740.0816942166770,1867.483152640040,1027.9067242777200,9846.898628384840,0.8348855640692120,0.036434727666335800,0.04548622356777220,1.816782698792310
hP_s40,Experiment 1,highP_SynCom9,22.05.22,day 13,jpg,141.7283232739590,168.69365523332800,126.47946415427600,1.2579325667675900,-34.58976151921100,1.5899103440331700,0.3861137518925600,0.7497582762039070,12689910,12179637,510273,511192,7564755,806.0395537507110,1167.897641998220,996.962269226889,10089.442784262100,0.5208660957706550,0.05446188426957660,0.06745400214547600,1.1714562105784400
hP_s41,Experiment 1,highP_SynCom9,25.05.22,day 16,jpg,128.2790216843170,157.01694402420600,112.38698940998500,1.3048535047409000,-36.683938477055000,1.5327391103548700,0.3948294539739970,0.7157634490240700,12689910,11944665,745101,759656,8254615,974.0082433027530,1285.3819437796600,1183.3094124763600,11437.935208311300,0.39053111896962300,0.06376661194606950,0.09026477915687160,1.0862602208915800
hP_s42,Experiment 1,highP_SynCom9,25.05.22,day 16,jpg,121.26606631191200,152.6859598853870,106.30417519443300,1.3418798422387700,-38.900839132214500,1.4904464148319200,0.40153443737816400,0.6962275724253230,12689910,11772039,917871,936706,4670662,1081.0502551526500,1580.4404774459800,1211.6398202433500,12174.344371239800,0.6420689246242240,0.16045750451415700,0.1965183950369350,1.3043814267581200
hP_s43,Experiment 1,highP_SynCom9,25.05.22,day 16,jpg,117.76340485344600,147.723800074414,102.13861672661100,1.3435419921379300,-37.77278928438550,1.488602523556020,0.4018319480650050,0.6914161203215750,12689910,11780614,908960,949850,10073980,1075.789857073620,1470.2002461333300,1279.2088912452700,13060.68751699030,0.4928900481852940,0.07692604551243290,0.09022848963369000,1.1493042740675000
hP_s44,Experiment 1,highP_SynCom9,25.05.22,day 16,jpg,134.04942249541500,162.79854260645400,118.32583155703200,1.2901307873284800,-36.610915580231000,1.5502304259721400,0.3921214294268350,0.7268236537170370,12689910,11917614,758081,778411,7291154,982.455448003815,1571.2277657481200,1153.0847825769700,10758.337228564800,0.6792845344778790,0.08206811640345790,0.10397270445803200,1.3626298685831800
hP_s45,Experiment 1,highP_SynCom9,25.05.22,day 16,jpg,117.55121331048600,147.07655740423400,101.60074069979500,1.3422335937496100,-37.50058039909350,1.4900536011864300,0.4015977806756990,0.6908017327367120,12689910,12009968,679906,693550,3025660,930.4209831590780,1340.2337247120300,1089.4547770812800,9533.72705550958,0.5824253843988180,0.10055936485023500,0.22471328569634400,1.230187569880240
hP_s46,Experiment 1,highP_SynCom9,25.05.22,day 16,jpg,137.2441791044780,167.36975124378100,120.96748258706500,1.2963763925094900,-38.26392039800990,1.5427618179072600,0.39327316973125600,0.7227559441781720,12689910,11744210,944073,952277,7034221,1096.371778511630,1478.0645546540300,1325.6674424425900,12807.356564548600,0.44224528914381500,0.08293022172280540,0.13421144999567100,1.1149587802583700
hP_s47,Experiment 1,highP_SynCom9,25.05.22,day 16,jpg,122.07545454545500,152.04592885375500,103.7505928853760,1.3465756548772500,-39.13290513833990,1.4852488924451300,0.4023741859577470,0.6823635046826400,12689910,11739301,950609,976392,3793054,1100.160429383440,1642.8020081422900,1099.0776088482600,11613.876333808200,0.7432388069625450,0.16293593863821400,0.2506183671521680,1.494709741074430
hP_s48,Experiment 1,highP_SynCom9,25.05.22,day 16,jpg,112.43415906127800,141.57953063885300,96.96537737215700,1.352243018779160,-36.8797624221353,1.4790240897717100,0.4033845431861410,0.6848827435337430,12689910,12171299,518611,518611,4778202,812.598322379912,1192.9612725129200,927.0549930890240,7582.3889603929600,0.6293721886543110,0.0674526436817489,0.10853685130934200,1.2868290246060500
hP_s49,Experiment 1,highP_SynCom9,25.05.22,day 16,jpg,126.88811923443100,155.35753914841900,112.13230031844000,1.299952024509390,-35.84732937198380,1.5385183162854100,0.393930582885567,0.7217692873682530,12689910,11545018,1144706,1146531,5180277,1207.26341214153,1642.9082005613400,1427.1209669923600,16637.062192033400,0.49541691097585500,0.10121464005019400,0.22097389772786300,1.1512045850070700
hP_s50,Experiment 1,highP_SynCom9,25.05.22,day 16,jpg,120.105114801148,150.15754407544100,105.11761992619900,1.3334137360264300,-37.54617671176710,1.4999095524244400,0.40001447213567800,0.7000488758219640,12689910,11956640,733156,753751,9856989,966.1693493688630,1399.2082062079600,1152.3578269204200,10857.248916810300,0.5672022721512980,0.06796536636013050,0.07437930589148470,1.2142133055556500
hP_s51,Experiment 1,highP_SynCom9,30.05.22,day 21,jpg,123.68917575287800,154.13957093985400,109.50944572709300,1.3219595378533800,-37.540260199868600,1.5129056092349300,0.3979457072820400,0.71045640687442,12689910,10453337,2229725,2315640,11447993,1684.9255306643700,2231.809261736190,1835.4894123617900,24789.250142299600,0.5688776467927100,0.17919973832004000,0.19476994788518800,1.215920531442590
hP_s52,Experiment 1,highP_SynCom9,30.05.22,day 21,jpg,119.50510440835300,151.03671049239500,103.26200051559700,1.3560055066833800,-39.6531580304202,1.4749202640716000,0.4040534212422890,0.6836880926428570,12689910,11232427,1457483,1485877,9085662,1362.2499738958500,1887.46738952977,1465.8073736104900,15794.719046282900,0.6299938700681790,0.1321355862010940,0.16041571874454500,1.287664002453940
hP_s53,Experiment 1,highP_SynCom9,30.05.22,day 21,jpg,118.12155599856900,152.0422396019700,100.22825401693700,1.3926482426632100,-42.86733459421700,1.4361128235622000,0.41049001931599900,0.659213217848695,12689910,10484524,2205308,2291680,5333722,1675.6745966687000,2122.518848136490,1952.0006607431900,19218.064284074400,0.39271003497621200,0.2524637247130790,0.4134651187294730,1.0873555992180800
hP_s54,Experiment 1,highP_SynCom9,30.05.22,day 21,jpg,122.34674680544400,155.41484033326000,104.35903638007300,1.3710708050714500,-42.06194874050180,1.4587138699199200,0.40671670349041900,0.6714869452382610,12689910,11151781,1537865,1619007,9016491,1399.3107347777100,1926.1215876824400,1663.2332586246200,16615.91500577580,0.5043245989016670,0.1504265867998960,0.17056136361695500,1.1580586052465100
hP_s55,Experiment 1,highP_SynCom9,30.05.22,day 21,jpg,117.56652342950700,151.1693267853490,100.43644362594600,1.3868556820779100,-42.167843257622300,1.4421111193079800,0.4094817766864640,0.6643969763030030,12689910,10853800,1836002,1865847,5138614,1528.94419473467,2175.673408053660,1884.4015774594700,19416.77496219310,0.49983028450547000,0.24763399196350300,0.3572951772598600,1.1545699356646000
hP_s56,Experiment 1,highP_SynCom9,30.05.22,day 21,jpg,131.34517535701700,162.95786058238800,115.24260648521300,1.3217026355884100,-39.66396966127270,1.5131996760448500,0.3978991440798500,0.7071926820427840,12689910,10858375,1818212,1926741,6669804,1521.5187869730700,2043.175742909050,1646.1252661938600,21093.520128197100,0.5923647164105700,0.20097533519893600,0.2726035127868830,1.2412030754094700
hP_s57,Experiment 1,highP_SynCom9,30.05.22,day 21,jpg,128.50508193645200,160.28510445334,112.27173505128800,1.3313998121463700,-39.89669595946960,1.502178370279150,0.3996517641899520,0.7004502098569710,12689910,10285992,2402909,2436745,4782513,1749.1365759139600,2276.9560658823900,2107.709662382540,26442.99740034470,0.37833221087652200,0.2985009788917160,0.5024364805699430,1.0802987273439400
hP_s58,Experiment 1,highP_SynCom9,30.05.22,day 21,jpg,118.85554036152300,151.5428614161790,101.01450792701200,1.3784766283155600,-41.60783727191150,1.4508769745657000,0.40801721603231500,0.6665738457293460,12689910,10928864,1758385,1814150,3545632,1496.2771524250200,2022.7943975442800,1663.3129851196900,18992.993216262600,0.5690762604566560,0.3466938992473380,0.49592992166135700,1.2161237335610200
hP_s59,Experiment 1,highP_SynCom9,30.05.22,day 21,jpg,125.6661015175300,157.55081109366800,110.50672946101500,1.334199284827820,-39.464395604395600,1.499026436862540,0.40015583078643700,0.7014037483775050,12689910,10885530,1795005,1828374,4944105,1511.7775461347900,1998.5481985473500,1813.9252759786800,17854.32416870430,0.4197895271193550,0.20038869717121200,0.36305964375756600,1.1017808864640600
hP_s60,Experiment 1,highP_SynCom9,30.05.22,day 21,jpg,121.62680400258500,154.77621555995100,105.08733624454100,1.3653865205870200,-41.419145436387500,1.4647866884903300,0.40571462214951100,0.6789630814034030,12689910,10763634,1919077,2016065,6815386,1563.1521761465600,2078.4772317446100,1815.3014063975900,19001.135351886300,0.4870385686502290,0.190917335414272,0.281580089520975,1.144976379360210
lP_c01,Experiment 1,lowP_control,13.05.22,day 04,jpg,126.55696202531600,155.39556962025300,109.26582278481000,1.3179012345679000,-37.484177215189900,1.5175644028103000,0.39720930232558100,0.7031463191121070,12689910,12678049,11861,11861,38867,122.88976458641200,613.2213469676100,109.0248349769280,883.39696961967,0.984068388449019,0.1410126853161820,0.3051689093575530,5.6246023862121
lP_c02,Experiment 1,lowP_control,13.05.22,day 04,jpg,134.8709677419360,150.90322580645200,129.6451612903230,1.1409756097561000,-18.64516129032260,1.7528858486532700,0.36325516384531800,0.8591278324070120,12689910,12688776,1134,1134,1041812,37.99807421080280,2335.847301787640,1413.7379813403700,304.4852813742390,0.7960463860421370,0.0005795661533366450,0.0010884881341355300,1.6522490960970200
lP_c03,Experiment 1,lowP_control,13.05.22,day 04,jpg,144.33898305084700,173.92937853107300,129.77401129943500,1.2690341728842900,-36.87288135593220,1.5760016891068800,0.38819850321864700,0.7461304835068460,12689910,12676626,13284,13284,396674,130.05273588918400,531.4284006745440,401.7993036756670,1101.2964645562800,0.6544859065553060,0.013044989698739700,0.03348845651593000,1.3226215073371900
lP_c04,Experiment 1,lowP_control,13.05.22,day 04,jpg,151.1417624521070,179.29501915708800,138.04214559387000,1.2400068895160100,-34.70306513409960,1.6128942644670500,0.38271736196870900,0.7699162321565950,12689910,12680040,9870,9870,341906,112.10207092884600,840.7537397216410,191.50950760361100,732.1837661840740,0.9737118934950330,0.003448528872257690,0.028867583487859200,4.3901409921738500
lP_c05,Experiment 1,lowP_control,13.05.22,day 04,jpg,162.67811158798300,173.75536480686700,163.06008583691000,1.06684058658445,-10.886266094420600,1.8746943312337900,0.34786307160901200,0.9384463381499320,12689910,12681109,8801,8801,4230188,105.85736267834300,4970.822946961410,917.981820146513,1481.39696961967,0.9827998316163440,0.0009827565914816740,0.002080522189557530,5.414947047827210
lP_c06,Experiment 1,lowP_control,13.05.22,day 04,jpg,129.21272158498400,153.39311783107400,103.20750782064700,1.3199635696371800,-37.18300312825860,1.515193332608220,0.39758375113177200,0.6728301065912550,12689910,12653923,35987,36059,70240,214.05623442540600,483.1067145050860,215.15339048766700,1705.4802307403600,0.8953546955524210,0.34226394278323100,0.5123433940774490,2.2454060027131200
lP_c07,Experiment 1,lowP_control,13.05.22,day 04,jpg,146.4977973568280,179.62995594713700,122.52863436123300,1.335407489888490,-45.11674008810570,1.4976701981557800,0.4003731160096230,0.6821169315283500,12689910,12664307,25603,25819,76858,180.5512449800730,359.4862439661780,332.8374291921980,1973.6223663640900,0.37784289814270800,0.2328476845283570,0.33312082021390100,1.0800655588485300
lP_c08,Experiment 1,lowP_control,13.05.22,day 04,jpg,148.51529411764700,179.3270588235290,138.50588235294100,1.2495737145855200,-35.81647058823530,1.6005458314745300,0.38453465726193,0.7723646574120240,12689910,12673942,15968,15968,395688,142.58712792651100,610.1748853761250,361.90882619235600,1685.5807358037400,0.8051117781683690,0.013854508571869800,0.04035502719314210,1.6859906175701100
lP_c09,Experiment 1,lowP_control,13.05.22,day 04,jpg,153.53571428571400,171.82142857142900,138.53571428571400,1.1765712888236700,-25.785714285714300,1.6998545001039300,0.3703903302794670,0.8062772812305130,12689910,12688841,1069,1069,702583,36.89299490854450,2808.5917646687200,578.566594888936,280.72792206135800,0.978552239459397,0.0005179564703374230,0.0015215284172830800,4.8543966925844800
lP_c10,Experiment 1,lowP_control,13.05.22,day 04,jpg,144.26848691695100,173.3424345847550,131.64732650739500,1.2564878571723100,-35.38452787258250,1.591738422765940,0.385841407148175,0.759463929434002,12689910,12656821,33089,35028,1025991,205.25648173868200,538.0710242652930,414.86528195827900,1920.79393923934,0.6368069670526680,0.005371358964044730,0.03225077023092800,1.2969777121996100
lP_c11,Experiment 1,lowP_control,16.05.22,day 07,jpg,120.91460396039600,148.94059405940600,108.94678217821800,1.2959166092350100,-34.00990099009900,1.5433091803496600,0.39318853080321000,0.7314780961244430,12689910,12659446,30464,30896,718436,196.946615839958,614.2614818110170,406.83743542979400,2293.2792206135800,0.7492214037727270,0.018724595885186500,0.042403220328602700,1.5098450346932600
lP_c12,Experiment 1,lowP_control,16.05.22,day 07,jpg,126.99335232668600,155.90408357075000,119.07217473884100,1.267175336829960,-32.87132003798670,1.5783135465714800,0.387850423130171,0.7637527639537790,12689910,12650424,39486,40488,583334,224.22117799934200,637.608898200282,385.91093980849000,2114.551298552220,0.7960376509896940,0.03015416148963970,0.0676902083540476,1.6522177332332100
lP_c13,Experiment 1,lowP_control,16.05.22,day 07,jpg,129.8452012383900,158.76470588235300,116.4969040247680,1.2889774219697500,-35.59365325077400,1.5516175581599400,0.39190826101742800,0.7337707923012420,12689910,12665569,24341,24677,1128127,176.04523213764900,476.3630485194370,341.04387884353900,1696.1665222413700,0.6981693083253690,0.010223887210879400,0.021576471443374700,1.3967793532455600
lP_c14,Experiment 1,lowP_control,16.05.22,day 07,jpg,157.82954545454500,179.5,151.6818181818180,1.159892792892020,-24.744318181818200,1.7242972904532800,0.3670671345246670,0.8450240567232210,12689910,12686590,3320,3320,1574766,65.0165770286374,1817.0079446689500,1379.1034279825400,573.698484809835,0.651094217559665,0.0010482977948803300,0.002108249733611220,1.3175284085306100
lP_c15,Experiment 1,lowP_control,16.05.22,day 07,jpg,120.06214689265500,147.34463276836200,107.67231638418100,1.29400382048674,-33.4774011299435,1.545590490797550,0.39283616261730100,0.7307515337423310,12689910,12683291,6583,6583,2992272,91.55182097037490,1581.3741915579600,853.877575122101,913.5979797464470,0.8416911789099460,0.001101404872616500,0.002200000534710750,1.8519917112612100
lP_c16,Experiment 1,lowP_control,16.05.22,day 07,jpg,129.6465661641540,161.178391959799,123.29480737018400,1.2744328039945400,-34.70770519262980,1.56932558054945,0.38920719412529700,0.764958663943839,12689910,12645003,44907,45681,4542691,239.1178961002750,721.856504719645,487.06972751286300,1945.379725676970,0.7380501003876970,0.005854278562861760,0.009885550216820820,1.4820393548284800
lP_c17,Experiment 1,lowP_control,16.05.22,day 07,jpg,117.03581800580800,150.28170377541100,101.72507260406600,1.3739357465262400,-40.901258470474300,1.4556721484659300,0.40722048365646200,0.6768959231130950,12689910,12651085,38825,39617,1064203,222.33651370016300,636.4303322028570,544.0897017894210,2187.036579926460,0.5187788098874380,0.01949234062720910,0.03648270113878650,1.16971582095699
lP_c18,Experiment 1,lowP_control,16.05.22,day 07,jpg,133.9604221635880,160.22427440633200,121.0,1.256856048846110,-32.74406332453830,1.591272128447920,0.385910838549776,0.7551914368052700,12689910,12675579,14331,14331,458248,135.08070149210700,658.0767726214360,437.9572980217080,1332.7106781186500,0.7463880864733570,0.014846930846930800,0.03127345891307760,1.5026048785898200
lP_c19,Experiment 1,lowP_control,16.05.22,day 07,jpg,127.46566164154100,160.3249581239530,106.58626465661600,1.3699947756013400,-43.298994974874400,1.459859581670390,0.4065272698699900,0.664813924817686,12689910,12667452,22458,22458,389566,169.09882819127500,643.0264684636190,416.21987408536700,1829.3380951166200,0.7622500744015150,0.013953228291664600,0.05764876811631410,1.5449201455760700
lP_c20,Experiment 1,lowP_control,16.05.22,day 07,jpg,135.320293398533,161.68215158924200,127.1124694376530,1.2321796245399900,-30.46577017114920,1.6231399709654000,0.3812225085464910,0.786187394144689,12689910,12674623,15287,15287,2138423,139.51348651785000,1716.13818785531,698.442957068039,1881.3380951166200,0.913434722992466,0.0035814734247737100,0.0071487259536583700,2.457091406661760
lP_c21,Experiment 1,lowP_control,19.05.22,day 10,jpg,124.01605995717300,153.15310492505400,115.55460385439000,1.2785630969033600,-33.36777301927190,1.5642560033555900,0.38997666328611500,0.7545038274668810,12689910,12654862,35048,37846,4717069,211.24511725452500,1561.7520059119300,818.2441813161580,2932.1492782986700,0.8517631161321910,0.005317963314732300,0.007430037593259710,1.9086625258976300
lP_c22,Experiment 1,lowP_control,19.05.22,day 10,jpg,129.57320099255600,159.4929693961950,117.52191894127400,1.2909439040229200,-35.9454094292804,1.5492539945132200,0.39227162226765500,0.7368470183117510,12689910,12644378,45532,47646,3072273,240.7761262062360,1348.0874930724600,623.2030272945070,3502.2325394193500,0.8867304733549200,0.008069055176940780,0.01482029754517260,2.1631594103848900
lP_c23,Experiment 1,lowP_control,19.05.22,day 10,jpg,120.51015670342400,147.94718514219400,109.03250145095800,1.2890604851555700,-33.175856065002900,1.5515175765849500,0.39192361799774000,0.7369690835696890,12689910,12625199,64711,64711,101393,287.0411193180470,432.13174347975600,345.8438423999360,2225.7645019878200,0.5995725850415590,0.4557144768625130,0.638219600958646,1.2494996021355700
lP_c24,Experiment 1,lowP_control,19.05.22,day 10,jpg,126.08912386706900,158.09592145015100,109.45241691842900,1.3424037299146700,-40.3251510574018,1.4898647518858800,0.4016282407478470,0.692316512117868,12689910,12640195,49715,49859,128655,251.59313179518400,543.484348979502,345.0020650988250,2839.8477631085000,0.7726792115753180,0.31832675955332400,0.3864210485406710,1.5753075240979300
lP_c25,Experiment 1,lowP_control,19.05.22,day 10,jpg,120.67252396166100,148.84345047923300,114.63578274760400,1.2650930395171900,-31.189297124600600,1.5809113934918900,0.38746002769472600,0.7701768695801490,12689910,12666171,23739,23811,458151,173.85463339372900,753.4348874704980,349.4227076049110,2178.8944443027300,0.8859540995978180,0.009329680953915570,0.051814794685594900,2.1562276036232900
lP_c26,Experiment 1,lowP_control,19.05.22,day 10,jpg,118.75418994413400,150.2098463687150,109.33344972067000,1.3171239492807400,-36.166026536312900,1.518459975685780,0.39706805335578000,0.7278713903500920,12689910,12582338,107572,107686,675427,370.0877251493910,668.1768836178160,352.5002623198330,3321.6883835420700,0.8495206859873190,0.03589744274269120,0.1592651759553590,1.8955358478898400
lP_c27,Experiment 1,lowP_control,19.05.22,day 10,jpg,120.49178532311100,147.815991237678,110.22015334063500,1.2813900493733400,-32.46002190580510,1.5608050031121300,0.3905022048866310,0.7456578440380570,12689910,12655670,34240,34468,4430053,208.79588600289000,1726.1751412164800,584.8416798036040,2689.4213562373100,0.9408555915341760,0.003973220217239070,0.007729027169652370,2.9515255167794200
lP_c28,Experiment 1,lowP_control,19.05.22,day 10,jpg,138.37638376383800,167.29889298893000,130.66420664206600,1.2436702784254600,-32.77859778597780,1.6081432793683000,0.38341451863879300,0.781022541797168,12689910,12679674,10236,10272,1588483,114.16163970401400,980.1966998126860,390.99150494284000,810.1837661840740,0.9169984086653510,0.002284695974283560,0.006443883881665720,2.5069513977189400
lP_c29,Experiment 1,lowP_control,19.05.22,day 10,jpg,120.1546149323930,150.32480893592000,105.86360964138700,1.330200776679840,-37.31569664903,1.5035324253771500,0.3994356094067180,0.704232457641204,12689910,12562028,127882,128242,225869,403.51507959408700,741.2867481545270,385.8009930829010,3771.3452377915600,0.8538935399518830,0.4050808533552960,0.5661777401945380,1.9214226024432200
lP_c30,Experiment 1,lowP_control,19.05.22,day 10,jpg,115.84725050916500,143.76700610998000,110.15845213849300,1.272242287922370,-30.764154786150700,1.5720276074662600,0.38879831503251800,0.7662290195722880,12689910,12597640,92270,92270,3385014,342.7562002250480,748.2048915690290,557.659375608698,2863.362481734260,0.6666959893344140,0.015195133209789500,0.02725838061526480,1.3416879986144700
lP_c31,Experiment 1,lowP_control,22.05.22,day 13,jpg,128.91422121896200,147.32054176072200,122.27765237020300,1.1729721957619700,-21.72460496614000,1.705070254202230,0.36967616587648200,0.8300108790585780,12689910,12673234,16676,16676,1572698,145.71390684489800,2805.681452651420,624.5781522816580,2145.5807358037400,0.974907139344429,0.006975327852121040,0.01060343435294000,4.4921223107179400
lP_c32,Experiment 1,lowP_control,22.05.22,day 13,jpg,107.87211585665200,134.75601374570400,94.09720176730490,1.3344206469678200,-33.77135493372610,1.498777768872630,0.4001956526334740,0.698278311681688,12689910,12536820,153090,153276,2080604,441.497725819178,689.755535085492,454.09507503421700,3933.97265478953,0.7527188992284670,0.027609881340091900,0.073579595156022,1.5189672229621000
lP_c33,Experiment 1,lowP_control,22.05.22,day 13,jpg,130.39681892332800,158.17475530179400,118.73613376835200,1.2698019558861600,-33.60827895595430,1.5750487630996400,0.3883421604786530,0.7506642481716260,12689910,12505696,184214,184394,1764291,484.30212625368800,798.5214438913700,766.3637791576480,5137.227488785470,0.2809292197225300,0.05438915464655350,0.10441248070754800,1.0419613577889400
lP_c34,Experiment 1,lowP_control,22.05.22,day 13,jpg,118.70022539444000,149.12772351615300,108.91059353869300,1.3103746492820600,-35.322314049586800,1.5262810533581200,0.39583877600266400,0.7303175490833250,12689910,12639986,49924,49960,617631,252.12142120684300,668.0949965180270,423.7601114411870,2811.462986797650,0.7731024060287480,0.0174828346116982,0.08083143495064200,1.5765877402803900
lP_c35,Experiment 1,lowP_control,22.05.22,day 13,jpg,114.82664437012300,141.91861761427000,99.57506503158680,1.323857146571220,-34.71776291341510,1.5107370196096900,0.39828942345999100,0.701634970136396,12689910,12487772,202138,202138,274122,507.31656299955000,639.8603290919860,561.1787128803500,3838.8010819142800,0.4804298838263030,0.5383857323972170,0.7374015949102950,1.14020777054744
lP_c36,Experiment 1,lowP_control,22.05.22,day 13,jpg,124.08233188442900,152.2426489388900,116.5896190232680,1.2651465894941700,-31.90667348504220,1.5808444781087700,0.3874700736453510,0.7658144405387110,12689910,12543033,146877,147351,2633117,432.4460713338330,773.2514147508100,665.7311544573650,4233.185858225130,0.5086888248202220,0.028497069037538800,0.05578065843637030,1.161507028135230
lP_c37,Experiment 1,lowP_control,22.05.22,day 13,jpg,129.83634508889500,158.98615563975500,113.91183328475700,1.3045115389214400,-37.11206645292920,1.533140903953660,0.3947668281852090,0.7164890101680810,12689910,12431924,257986,265676,727767,573.129982803243,912.7415889079840,567.143066899107,5008.825468531920,0.7835235102057190,0.13849619329534700,0.3544898298493890,1.6093674456755000
lP_c38,Experiment 1,lowP_control,22.05.22,day 13,jpg,129.97580495067900,157.70630932440000,115.88051367950900,1.2829144290704100,-34.778150009305800,1.558950429335490,0.3907852174610830,0.7347867956325320,12689910,12487892,202018,205469,3200727,507.165955431068,1020.0328499790400,703.3520226601530,4939.227488785470,0.7242489351139710,0.023480035612088600,0.0631162857688269,1.45024513631335
lP_c39,Experiment 1,lowP_control,22.05.22,day 13,jpg,110.92694133864300,136.71894623985300,99.4161433603921,1.2999614076733200,-31.547403890335400,1.5385072112099200,0.3939323061932030,0.7271570334222830,12689910,12444555,245355,251581,315361,558.9236875446380,730.2558376940560,550.7174793070390,4171.671139599370,0.656709999515667,0.5766058150574830,0.7780131341541920,1.3260080987676800
lP_c40,Experiment 1,lowP_control,22.05.22,day 13,jpg,123.09974424552400,150.05882352941200,103.20236572890000,1.3261813912947700,-36.90776854219950,1.5080893255841700,0.3987098823791240,0.6877460671859290,12689910,12572297,117613,117613,4653400,386.9748345499180,752.3285745447480,540.7025879995630,4023.830519165800,0.6953147404772360,0.014914342676719500,0.025274637899170500,1.3913907409397400
lP_c41,Experiment 1,lowP_control,25.05.22,day 16,jpg,110.57584311395000,138.72856930619500,96.45981280641810,1.3401418097716800,-35.21074134601100,1.4923793776277500,0.40122302767237600,0.695313252986243,12689910,12436873,253037,253037,1254597,567.6061263597770,722.4958150041300,672.8608575423030,5249.269119345810,0.3642512979123270,0.09061988547034870,0.2016878726794340,1.07376704545294
lP_c42,Experiment 1,lowP_control,25.05.22,day 16,jpg,117.51682456713500,144.10111074812200,104.08085592943500,1.3005651541587500,-33.30227049983670,1.5377930076049600,0.39404316940086000,0.7222765694801670,12689910,12459851,230059,232040,2214508,541.2210421096240,820.4549605918240,625.3734594098260,5223.9970414071700,0.6473090484832370,0.05007260842727880,0.10388718397043500,1.3119440044131400
lP_c43,Experiment 1,lowP_control,25.05.22,day 16,jpg,141.66783216783200,171.52027972028000,134.17832167832200,1.2435937737666700,-33.59720279720280,1.6082422107520600,0.38339997561486500,0.7822883795265700,12689910,12636216,53694,57255,1081019,261.46763492832100,530.3040599647550,500.4543100502570,3933.002092041050,0.3307682621032040,0.026206384920615600,0.04966980228839640,1.0596453049060600
lP_c44,Experiment 1,lowP_control,25.05.22,day 16,jpg,109.06742955580200,137.86095730281800,105.19613633567100,1.2868352743895400,-30.729174357081300,1.5542004791163100,0.3915119459792660,0.7630596681887480,12689910,12384390,305520,305520,6804469,623.698761989702,766.5870058461260,726.2094171830160,4530.156420973600,0.3202646678610800,0.037567159967218500,0.04489990328415050,1.0556004751628500
lP_c45,Experiment 1,lowP_control,25.05.22,day 16,jpg,114.5815419594870,143.96775527077300,103.58712277800700,1.3197839886309800,-34.883422902025600,1.5153995026675600,0.3975511639163110,0.7195161345898730,12689910,12326355,363555,363555,6570622,680.362111442276,1124.9459038422300,864.4810448634610,7186.7909806465100,0.6398923654529030,0.03488325902931940,0.055330378159023600,1.3012962060028800
lP_c46,Experiment 1,lowP_control,25.05.22,day 16,jpg,116.57552222817400,145.47232637029100,105.76557757543300,1.3085509291695200,-34.30177646848780,1.5284082227271900,0.39550575378266300,0.7270494685443680,12689910,12268947,420927,440436,4145694,732.0798466333700,1145.184903200220,693.2673303729830,6375.134126397020,0.7959397159340390,0.06747470822547130,0.10153354299666100,1.6518662470134000
lP_c47,Experiment 1,lowP_control,25.05.22,day 16,jpg,114.36862367661200,145.70837343599600,100.07956368302900,1.3589144793435400,-38.48427975617580,1.4717629625715300,0.4045695380756240,0.686848403581895,12689910,12455551,234359,236022,1359939,546.2555688179190,806.1419177497250,711.1395928134810,5558.423448278360,0.470965067158297,0.0410461596123752,0.17233052364848700,1.1335916687754500
lP_c48,Experiment 1,lowP_control,25.05.22,day 16,jpg,116.1124311793680,144.0559258186030,106.36221385105800,1.2950323017609700,-32.81860330339030,1.5443630226678000,0.3930256771895260,0.73833973331295,12689910,12300599,389047,396821,3169306,703.8110720645000,892.7360403964610,705.3496699423520,5287.695526217010,0.6129795215462190,0.07140332240450000,0.12275463461085800,1.2656645043435300
lP_c49,Experiment 1,lowP_control,25.05.22,day 16,jpg,114.44745837468300,144.2566986437310,103.41062961737800,1.3243180455066500,-35.32765464770100,1.5102112417677200,0.39837284741653400,0.7168514917478430,12689910,12349199,340711,351638,3026750,658.6400523246840,846.5139097966380,680.3391351615630,5245.5950211536200,0.5950412457333770,0.04244261773927050,0.11256661435533200,1.2442528528005600
lP_c51,Experiment 1,lowP_control,30.05.22,day 21,jpg,102.12301028695200,132.9863021115320,89.10617217108830,1.3908578220346900,-37.37171088251220,1.4379614999570500,0.41017874975368500,0.6700402278751780,12689910,11995345,694079,728626,6041582,940.0685240822800,1174.2133868023400,933.6817618047660,8193.34227919873,0.6064061086173120,0.0788588043843686,0.11488365133503100,1.2576162830177100
lP_c52,Experiment 1,lowP_control,30.05.22,day 21,jpg,73.1232812316371,93.39088024444710,75.0545304971207,1.2605244895288500,-19.301974380068200,1.5866411296360800,0.38660175489465400,0.8036601678950700,12689910,12370385,319525,319525,8699731,637.8337287502930,1061.1685838635400,768.0640394177330,6647.293505963450,0.6900194950321740,0.028314364636379800,0.03672814711167510,1.3816147214339200
lP_c53,Experiment 1,lowP_control,30.05.22,day 21,jpg,109.72016203277500,137.00696004419100,99.63067575032220,1.3088742466475400,-32.33154115264220,1.5280306760734800,0.39556482026285900,0.7271942660298940,12689910,11668137,1020050,1035189,4830132,1139.635028246810,1510.150201558910,1347.6980613277400,15448.150503787900,0.4511927960097490,0.10952380952381000,0.211184704683019,1.120540457015370
lP_c54,Experiment 1,lowP_control,30.05.22,day 21,jpg,104.96509692986100,132.91588318495700,95.26894916382400,1.3276052277620000,-32.79886013811470,1.5064719226599300,0.39896716614274900,0.7167612092774030,12689910,11786729,903181,965975,9586534,1072.3645673246800,1510.70368859656,1287.794133411010,11263.675323681500,0.5228143984233650,0.07657096281872530,0.09421350823978720,1.173094091207830
lP_c55,Experiment 1,lowP_control,30.05.22,day 21,jpg,116.51593933766600,145.5935726813160,103.16032188177000,1.3255285015605900,-35.755442071598100,1.508832135744600,0.39859183312924600,0.7085499722406950,12689910,11961362,728548,783249,1836763,963.1283008185950,1224.976314709140,1026.7212396791200,9827.106781186550,0.5454305923704340,0.26793078022113400,0.3966477983278190,1.1930953284768700
lP_c56,Experiment 1,lowP_control,30.05.22,day 21,jpg,108.37317031169300,136.62774812008500,102.30509155616800,1.297027485500890,-31.288617186154700,1.5419873690861900,0.39339298541026400,0.748787072639518,12689910,12034459,654791,689821,11033632,913.0749118975300,1388.5650765217600,1162.0380644351400,11859.550432000400,0.5474131239462650,0.053805377653534000,0.05934500987526140,1.194939407769520
lP_c57,Experiment 1,lowP_control,30.05.22,day 21,jpg,97.99407105020170,127.73543276473700,95.46308985760800,1.3205552295436500,-31.006852310832500,1.514514467290520,0.3976910902714100,0.7473501110176030,12689910,11916670,773240,789608,6623022,992.2296838792,1257.6665837856100,1148.5202216797500,11617.39105243400,0.40747763904487,0.08200561876995810,0.11675032938136100,1.0950321640364600
lP_s01,Experiment 1,lowP_SynCom9,13.05.22,day 04,jpg,176.32137518684600,204.29895366218200,163.15396113602400,1.20361588488347,-34.561285500747400,1.6616596915332600,0.37570543040532200,0.7986039977757620,12689910,12664760,25150,25654,1375132,178.94684839384400,2348.267081634050,554.7771753870880,2045.9655121145900,0.971692401507842,0.0047343680672803600,0.018289153332189200,4.232811272373590
lP_s02,Experiment 1,lowP_SynCom9,13.05.22,day 04,jpg,152.64137437365800,167.53042233357200,143.80243378668600,1.1302676441327900,-19.308518253400200,1.7694923944624800,0.3610769980807560,0.8583660912664500,12689910,12637722,52188,52188,3238684,257.7747570276010,5146.1786379088400,562.880709774153,3288.433549546130,0.994000185529991,0.007064365482233500,0.016113952457232600,9.14257416988702
lP_s03,Experiment 1,lowP_SynCom9,13.05.22,day 04,jpg,154.70736842105300,178.4336842105260,140.2863157894740,1.209745792951860,-30.93684210526310,1.6532398886214500,0.3768976956394130,0.786209825853037,12689910,12672026,17884,19757,768245,150.89935724861000,2283.5960691734700,307.47518365034400,1612.4091629284900,0.9908938782113200,0.0028387121351610500,0.02327903207961000,7.426928059892910
lP_s04,Experiment 1,lowP_SynCom9,13.05.22,day 04,jpg,139.49441340782100,168.6759776536310,122.6145251396650,1.2870677252624300,-37.62150837988830,1.5539197827311000,0.3915549763002450,0.7269234590799190,12689910,12662955,26955,28317,225503,185.25704285758300,698.8267870053370,211.72620969557200,1812.8944443027300,0.9529988847581930,0.023060733871174700,0.11953277783444100,3.3006153938623700
lP_s05,Experiment 1,lowP_SynCom9,13.05.22,day 04,jpg,136.21844660194200,154.40776699029100,122.95145631068000,1.1915563130982000,-24.822815533980600,1.6784771126760600,0.3733464793361270,0.7962776659959760,12689910,12682044,7866,7866,642746,100.07648204691600,2427.509732891350,471.9272780964150,1201.39696961967,0.9809207587724390,0.004007501455814320,0.012238115834248700,5.14382161311602
lP_s06,Experiment 1,lowP_SynCom9,13.05.22,day 04,jpg,136.49425287356300,162.2216748768470,117.5353037766830,1.2771874030406500,-35.20689655172410,1.565940906744410,0.38972058840933000,0.7245351391292910,12689910,12667040,22870,23645,9823447,170.6428679672640,1931.8222618795600,1042.447733980170,2025.9238815542500,0.84190942615752,0.0019019728040343400,0.0023281033633102500,1.853159826539850
lP_s07,Experiment 1,lowP_SynCom9,13.05.22,day 04,jpg,150.36033519553100,177.59217877095000,136.24022346368700,1.2393009950976100,-34.291899441340800,1.6138129541665400,0.3825828464144520,0.7671521595520460,12689910,12663017,26893,26965,266269,185.04386257469500,591.8563130981740,209.79526889462400,1282.7106781186500,0.9350674120658790,0.019820756038059900,0.10099936530350900,2.821113727762140
lP_s08,Experiment 1,lowP_SynCom9,13.05.22,day 04,jpg,160.203007518797,192.10526315789500,141.30075187969900,1.2743142144638400,-41.35338345864660,1.5694716242661400,0.38918507235338900,0.7355381604696670,12689910,12684891,5019,5019,13515,79.9399104016622,161.16433291830400,113.37755427083400,569.1126983722080,0.7107048023756390,0.19997609371264600,0.3713651498335180,1.4214835904231800
lP_s09,Experiment 1,lowP_SynCom9,13.05.22,day 04,jpg,137.87214611872100,166.92922374429200,118.71689497716900,1.3011407114765200,-38.63470319634700,1.5371127675579600,0.3941488186047510,0.7111810162073450,12689910,12673524,16386,17389,43983,144.4413485814580,370.0555017118200,175.4384129936010,1325.2964645562800,0.8804781349513390,0.2493115252947890,0.37255303185321600,2.109318565970600
lP_s10,Experiment 1,lowP_SynCom9,13.05.22,day 04,jpg,173.78933680104000,207.34590377113100,154.777633289987,1.2621226273212300,-43.062418725617700,1.5846320767141800,0.3869022631922490,0.7464706583296230,12689910,12660965,28945,31568,89769,191.97374461722400,494.3926943597700,321.49187058012100,1967.6223663640900,0.7596977588977000,0.2230794130340960,0.3224387037841570,1.5378077631252600
lP_s11,Experiment 1,lowP_SynCom9,16.05.22,day 07,jpg,151.79586390927300,181.69913275517000,136.2361574382920,1.2616592551417500,-37.68312208138760,1.5852140677835400,0.3868151626056100,0.7497898056666190,12689910,12633480,56430,57600,1223399,268.0464652059510,1281.2141160263500,589.1984270355360,3611.6883835420700,0.8879836276917130,0.016247451888194000,0.04612558944383640,2.1745036260069300
lP_s12,Experiment 1,lowP_SynCom9,16.05.22,day 07,jpg,139.4402332361520,171.6608357628770,122.4402332361520,1.3109861768253100,-40.720602526725000,1.525569098556940,0.39595036246340600,0.7132683042816140,12689910,12651233,38677,39019,3305672,221.91233825932700,635.2061533936610,538.733650755986,2008.4507934888300,0.5297976041852260,0.005570317754532720,0.011700192880600400,1.1790727245315000
lP_s13,Experiment 1,lowP_SynCom9,16.05.22,day 07,jpg,143.627602905569,172.790799031477,131.42421307506100,1.2564236190583500,-35.26489104116230,1.5918198047716900,0.38582929189712300,0.7605972876548780,12689910,12612293,77617,77701,1362187,314.3644918620890,923.5667126218090,401.751545118603,3135.362481734260,0.9004304394728720,0.03506165388807750,0.05697969515198720,2.298850430927800
lP_s14,Experiment 1,lowP_SynCom9,16.05.22,day 07,jpg,137.42640186915900,161.42348130841100,126.1822429906540,1.2247206945300000,-29.61915887850470,1.6330253983072600,0.37979124722567700,0.7816845601884520,12689910,12625684,64226,64509,6742141,285.96342948034600,2585.134585990430,862.7379426856370,4337.102597104440,0.9426685710091500,0.008062864886817220,0.009526054112484450,2.9964308489123700
lP_s15,Experiment 1,lowP_SynCom9,16.05.22,day 07,jpg,132.40584415584400,161.20021645021600,116.5551948051950,1.2949834811337200,-36.71969696969700,1.5444212448556200,0.3930166838615370,0.7230461433107980,12689910,12655155,34755,34791,414551,210.360263303863,1048.5513440143800,359.8163734131430,2009.2792206135800,0.9392785335630070,0.017170441644212400,0.08383769427645810,2.91412904328961
lP_s16,Experiment 1,lowP_SynCom9,16.05.22,day 07,jpg,162.58982035928100,193.20359281437100,152.22155688622800,1.2274244628948000,-35.797904191616800,1.6294281729428200,0.3803108258632580,0.7878816054548270,12689910,12677352,12558,12558,334481,126.44897074624300,1070.149797526930,298.5781949599880,1332.7106781186500,0.9602893637364010,0.004778953425183010,0.037544733482619300,3.584152545601450
lP_s17,Experiment 1,lowP_SynCom9,16.05.22,day 07,jpg,149.6780055917990,173.52889095992500,143.2884436160300,1.1846331989833100,-27.045666356011200,1.6882862996887700,0.3719841893758760,0.8257324922863750,12689910,12609332,80578,82013,7431312,320.30469249711300,3435.2752007770900,1597.0590156081000,5106.114790413260,0.8853632616585330,0.006671816794550470,0.010843038214517200,2.151000787825650
lP_s18,Experiment 1,lowP_SynCom9,16.05.22,day 07,jpg,157.84153661464600,186.22929171668700,146.3763505402160,1.2243152002557100,-34.1203481392557,1.633566257759670,0.3797132489275900,0.7860006833022840,12689910,12627227,62683,62683,4002830,282.5074766844840,1337.6514068743200,562.8555390274220,3474.0904037956200,0.9071632074440050,0.008325828757534460,0.015659670782921100,2.3765448043483600
lP_s19,Experiment 1,lowP_SynCom9,16.05.22,day 07,jpg,132.04298740772900,150.6326530612250,122.63873208858000,1.1829090313913000,-23.291793313069900,1.6907470878362200,0.3716439960190220,0.8141576849126710,12689910,12603358,86552,88641,5117811,331.96600590409500,4163.416088031260,884.131315391363,4795.144227664780,0.9771921134012960,0.00817660993776662,0.01691191800556920,4.709047191918900
lP_s20,Experiment 1,lowP_SynCom9,16.05.22,day 07,jpg,149.9563514269730,176.33743704532700,135.69390039171800,1.2346387648714800,-33.51231113598210,1.619907018072770,0.3816929353224190,0.7695127175792960,12689910,12622760,67150,70746,2841540,292.40047097938500,1280.920115109940,589.0768774634290,3482.3746750430800,0.8879781071343840,0.00792470643771759,0.023631551904952900,2.1744532235344200
lP_s21,Experiment 1,lowP_SynCom9,19.05.22,day 10,jpg,125.70228851655100,151.52308949734400,113.4889660809150,1.2669617854744800,-31.927462198610500,1.578579577481880,0.3878104087741800,0.7489879361449070,12689910,12506264,183646,187829,887108,483.5549083945210,765.7209966442630,415.71949369709800,3622.274169979700,0.8397892754251330,0.09949118347516490,0.20701650757292200,1.8419174665939100
lP_s22,Experiment 1,lowP_SynCom9,19.05.22,day 10,jpg,121.65610104861800,145.48307912297400,106.81673021925600,1.273526294707680,-31.24666348903720,1.5704426428502400,0.38903805256325400,0.7342209888819180,12689910,12532252,157658,157658,8157747,448.0361594155730,2395.18534243613,859.7856169732490,6923.938166904120,0.9333513567091370,0.01628577213265130,0.01932616934553130,2.7857936852538100
lP_s23,Experiment 1,lowP_SynCom9,19.05.22,day 10,jpg,123.92197051420400,150.9670981661270,110.62064005753300,1.2873319504555700,-33.69579288025890,1.5536008403211200,0.39160388115875100,0.7327466805767440,12689910,12480967,208859,217539,4459790,515.681624719983,884.0622362748870,879.6925457556600,5117.269119345810,0.09930282468534240,0.03448699482692600,0.04683157727157560,1.00496729288012
lP_s24,Experiment 1,lowP_SynCom9,19.05.22,day 10,jpg,114.03226982680000,141.77338195077500,100.19762989972700,1.323562977266520,-34.658432087511400,1.5110727893964600,0.39823616592187800,0.7067450075678960,12689910,12483833,206077,206077,3204547,512.2356739435360,1330.4943215879600,792.5117124143690,5129.369624409200,0.8032425520995240,0.03253156671893980,0.06430768529842130,1.6788323765394400
lP_s25,Experiment 1,lowP_SynCom9,19.05.22,day 10,jpg,146.0617452722720,176.07382091592600,132.15994531784000,1.2657087989255700,-36.96297562087040,1.5801422899941500,0.38757552398486800,0.7505939533222570,12689910,12525089,164821,166886,1882931,458.1010969238060,807.5082860899660,645.0188069528820,5299.269119345810,0.6016276071347750,0.06825759486410480,0.08753427502123020,1.2519143277460300
lP_s26,Experiment 1,lowP_SynCom9,19.05.22,day 10,jpg,128.2671294898880,154.93238756414100,111.81497132508300,1.2906617114580000,-34.89133715665560,1.5495927261533900,0.39221950617529200,0.7217017247526260,12689910,12565444,124466,124658,2744296,398.08922765506600,1217.3048618771000,663.6664936957150,4362.700576850890,0.8383103427445400,0.027346269784773300,0.045354436984931700,1.8342117214602500
lP_s27,Experiment 1,lowP_SynCom9,19.05.22,day 10,jpg,123.60891387271600,151.61594057418200,110.5777956233690,1.294829590461590,-34.522585826139300,1.5446047995296600,0.3929883336637730,0.7293282962503920,12689910,12502541,187369,187405,7448764,488.43179693533700,1635.287201596320,1105.6032863276900,5311.227488785470,0.7368179486153960,0.021007933208386100,0.02515437460496800,1.4790903950982200
lP_s28,Experiment 1,lowP_SynCom9,19.05.22,day 10,jpg,143.07703281027100,174.50784593437900,128.31918687589200,1.2860005650497000,-38.809736091298100,1.5552092700073600,0.3913573779407590,0.7353204446987660,12689910,12584668,105242,107716,2317683,366.05774977046700,724.5095496658170,370.9563676213140,3451.546247918340,0.8589792957000120,0.022442161460649000,0.045408280597476000,1.9530856265161200
lP_s29,Experiment 1,lowP_SynCom9,19.05.22,day 10,jpg,129.64934796108500,157.1647691989240,115.7280066238870,1.2810046751441300,-34.476091906437600,1.5612745517692800,0.3904306156125350,0.7363482745767940,12689910,12508451,181459,181495,750323,480.66701004759800,715.1523376650750,488.8428162735970,4242.35743110038,0.7299031198012530,0.07024562878623350,0.24184118039830800,1.4629494673085600
lP_s30,Experiment 1,lowP_SynCom9,19.05.22,day 10,jpg,161.91852570320100,193.10475266731300,150.1390236016810,1.2376226955410000,-37.075978014872300,1.6160013929978400,0.3822627933901960,0.7775004060119910,12689910,12573636,116274,117889,2796981,384.76571420091000,1943.440343236840,619.5105945779370,5766.867099092260,0.9478320784437580,0.02117942014793570,0.04157125128844280,3.1370574777028300
lP_s31,Experiment 1,lowP_SynCom9,22.05.22,day 13,jpg,131.20012326656400,157.35229583975300,115.11987673343600,1.2776250068183900,-34.192295839753500,1.56540455088657,0.38980206831488400,0.7316059554076880,12689910,12080504,609406,622822,4435989,880.8631096821330,1148.427496247240,1012.209279910990,10427.023520065900,0.47239456742082900,0.09341783266630330,0.13737770765437000,1.1345751506528600
lP_s32,Experiment 1,lowP_SynCom9,22.05.22,day 13,jpg,127.35273180281200,155.4083466809040,113.01263570030300,1.2931009845159200,-35.22566292934690,1.5466696135481700,0.3926697026893650,0.7271979794775660,12689910,12267790,422120,424647,2554769,733.116550504493,1243.5761002314500,891.1553004752520,7601.619407771260,0.6974772048795110,0.09570666763404190,0.1652282456848350,1.395465077263480
lP_s33,Experiment 1,lowP_SynCom9,22.05.22,day 13,jpg,123.35927223029000,151.11138635004700,109.79875288289100,1.2962143274004300,-34.53237379345690,1.5429547087409600,0.3932433387675660,0.7266080706092100,12689910,12249732,440028,442362,1369280,748.5058786614330,1074.7908239780800,838.2523869680570,8246.756492761100,0.6258774454297860,0.1605891201954980,0.32135720962841800,1.2821804514814200
lP_s34,Experiment 1,lowP_SynCom9,22.05.22,day 13,jpg,117.31887622028500,143.24957150309300,105.57396229227200,1.2853671967125400,-31.80315224681420,1.5559756037926100,0.3912400409910720,0.7369932152990270,12689910,12185770,504140,516872,5441519,801.1809933359530,1765.2854147594200,1000.9939679930900,10895.75144212720,0.8236877112095720,0.05241325104797390,0.09264692450766050,1.7635325198798800
lP_s35,Experiment 1,lowP_SynCom9,22.05.22,day 13,jpg,126.76193382981300,155.05213038701000,108.31266023684500,1.3191738648119800,-37.51483335368090,1.5161003817226700,0.3974404229911300,0.6985564143265680,12689910,12382181,307729,307729,2342888,625.9494643034750,897.432408049984,715.7911944389110,5257.411254969540,0.6031880548320100,0.07378212228887640,0.13134601397932800,1.2537628501471800
lP_s36,Experiment 1,lowP_SynCom9,22.05.22,day 13,jpg,127.77944823310600,156.48729076255400,110.08524488530700,1.3157672852662700,-37.55494420334780,1.520025632492650,0.3968213605076960,0.7034772239257730,12689910,12447411,242499,246124,1367895,555.6611524650000,725.3798933222230,676.6565033648750,4783.955410846830,0.3603154454606460,0.0599347215507858,0.17727895781474500,1.0720060912960400
lP_s37,Experiment 1,lowP_SynCom9,22.05.22,day 13,jpg,140.5579438397510,164.9821640903690,129.27759992682700,1.222834929656910,-30.064392207079500,1.6355437283437300,0.3794283468893290,0.7835853083853080,12689910,12278335,410789,416228,9173564,723.2100658468550,1752.4826741402800,1114.523210283070,9932.95750288788,0.7717152834591380,0.0361796984885676,0.04477965161631840,1.5724057228877200
lP_s38,Experiment 1,lowP_SynCom9,22.05.22,day 13,jpg,115.72042139384100,141.83271590646000,97.92428802963650,1.3277437694497300,-35.010361194721000,1.506314731816730,0.39899218853297700,0.6904210174909050,12689910,12365339,324571,337724,7923785,642.8503964953560,975.9817223111120,840.8616076025820,6367.511760032930,0.5076648067920570,0.02729944344868370,0.040961611149217200,1.1606924534154600
lP_s39,Experiment 1,lowP_SynCom9,22.05.22,day 13,jpg,131.87393070076900,158.15570724963300,116.54013652466900,1.2733232784768600,-33.94867363691350,1.570693031224870,0.3890001598220870,0.7368696239379000,12689910,12254830,435080,462247,2906846,744.2856045385900,978.585085591874,843.9929214271720,7950.915872327540,0.5061210010884040,0.08492534190316470,0.14967425174914700,1.1594707262912900
lP_s40,Experiment 1,lowP_SynCom9,22.05.22,day 13,jpg,111.4987146529560,139.5687166304130,95.15572473798690,1.3507449154419700,-36.241496934941700,1.4806644667957900,0.4031177990353830,0.681784048999786,12689910,12309973,379937,390532,550914,695.5219715494570,916.2269713306450,808.8178792902200,6157.879292401080,0.4698050125136290,0.5304752729608220,0.689648475079595,1.1327976232853300
lP_s41,Experiment 1,lowP_SynCom9,25.05.22,day 16,jpg,124.66367550184100,153.87743140204400,114.8037761294670,1.285163644192930,-34.14370558638930,1.556222049259710,0.3912023215235170,0.7460728651592410,12689910,11963756,724466,728884,5705815,960.4263428374420,1409.049114166740,1088.1912398729800,10884.035713374700,0.6352729916060680,0.08474986503140690,0.12696976680807200,1.2948543073469400
lP_s42,Experiment 1,lowP_SynCom9,25.05.22,day 16,jpg,124.1084298323750,153.48756984371200,111.20584662725700,1.3045325779036800,-35.830431613895900,1.5331161780673200,0.39477068152593200,0.724526727086057,12689910,12225911,463999,463999,652466,768.6233638899940,984.5793232837690,831.6951566201220,6282.9919907732900,0.5352063832236990,0.46005175593408600,0.7111466344606460,1.18382236020821
lP_s43,Experiment 1,lowP_SynCom9,25.05.22,day 16,jpg,125.59859604339500,154.02120661725000,113.18010897845000,1.2900748967807600,-34.63185410632760,1.5502975873654900,0.39211110301563600,0.7348345819657660,12689910,11902979,765340,800915,5082233,987.1479894968180,1251.1108491620300,1149.5109384348500,10676.077343935000,0.3947414614811270,0.07722404316006100,0.15059128536609800,1.0883853361722000
lP_s44,Experiment 1,lowP_SynCom9,25.05.22,day 16,jpg,115.61110368786700,143.11390967397100,98.96619454836990,1.3339147323628900,-35.82526055585250,1.499346211175890,0.4001046335751620,0.6915204453139840,12689910,12127232,562150,567390,11302187,846.0210458805810,1484.699717942560,1162.4982121181500,11234.638743755000,0.6220400736907160,0.04713821597428320,0.049738161295685500,1.2771630119218200
lP_s45,Experiment 1,lowP_SynCom9,25.05.22,day 16,jpg,118.25046419098100,147.4685676392570,101.29157824933700,1.34341983886158,-37.69754641909810,1.4887378778735400,0.4018100937389330,0.686868936688392,12689910,12116660,566425,569378,1988903,849.2318347345530,1174.0394715387700,933.5624676709340,7481.56053326821,0.6063848924099610,0.11125213425167300,0.28479267214137600,1.257590693923020
lP_s46,Experiment 1,lowP_SynCom9,25.05.22,day 16,jpg,112.84306994064900,140.86686838124100,100.81118352147100,1.3186432387709600,-34.03974165018040,1.5167104651172400,0.3973440782563030,0.7156486452771610,12689910,12043888,645950,651220,10156715,906.8897859837650,1523.4087951174300,1213.3177397781300,10211.650937063800,0.604705421761226,0.05278018684325050,0.06359831894465880,1.2555728356827700
lP_s47,Experiment 1,lowP_SynCom9,25.05.22,day 16,jpg,112.97869366316500,142.82954930532000,102.14630633683500,1.327874949962300,-35.26704930532020,1.5061659232722000,0.39901587948109200,0.7151622814301640,12689910,11802780,887130,909269,4441048,1062.7930171585200,1734.6853366003200,1242.4698042190700,11631.675323681500,0.6978429300753590,0.1107797778485400,0.19975690422621000,1.3961589494648600
lP_s48,Experiment 1,lowP_SynCom9,25.05.22,day 16,jpg,112.92834914611000,142.11935483871000,100.4988614800760,1.3317829008001200,-35.4057495256167,1.5017462672019800,0.3997207922761990,0.7071440874054870,12689910,11685737,989964,1052583,5597952,1122.7026822201000,1400.9714921101700,1241.4541350162100,12709.498700172300,0.4634213745545760,0.10902737655835000,0.1768439600768280,1.128492348283070
lP_s49,Experiment 1,lowP_SynCom9,25.05.22,day 16,jpg,118.02839025796200,145.32545515684300,105.08757265696300,1.3026898950502800,-33.767473699380300,1.535284803850270,0.3944330035352740,0.7231188269360450,12689910,11907809,782065,790612,6988363,997.875786134379,1472.8038905189400,1163.2329577309700,12517.616449178400,0.6133535787100390,0.09158785144795150,0.11190961316691800,1.266129781425580
lP_s50,Experiment 1,lowP_SynCom9,25.05.22,day 16,jpg,119.01089842112600,149.8758558055050,106.44397093754400,1.3295419720305200,-37.14842112617020,1.504277444468740,0.39931677786290300,0.7102142661035190,12689910,12152186,537724,566610,4393373,827.4366809328500,1313.9592908611800,875.5880291950780,7474.045814642450,0.7456178481037740,0.05135093632729900,0.12239434257004800,1.500659267885480
lP_s51,Experiment 1,lowP_SynCom9,30.05.22,day 21,jpg,111.69051556770000,145.01736535557600,96.84809808010350,1.3907962925321200,-40.74805853167470,1.4380251160712800,0.41016804683761300,0.6678379368059560,12689910,11644945,1044965,1096494,3060211,1153.4690116618600,1445.211557037890,1349.191558825740,10805.592062560800,0.3584214144316930,0.22028456659931400,0.3414682843764700,1.0711685435504200
lP_s52,Experiment 1,lowP_SynCom9,30.05.22,day 21,jpg,119.24288538223000,150.6059950240280,105.46360042261700,1.3404686071663000,-38.25275212160460,1.4920155453904500,0.4012816059072050,0.7002616357057440,12689910,10450887,2205177,2309508,5845149,1675.624826606620,1985.8638417536000,1928.856794069440,21665.870416622600,0.23788397906557600,0.21786170438944700,0.3772661740530480,1.0295548367610500
lP_s53,Experiment 1,lowP_SynCom9,30.05.22,day 21,jpg,117.22308467741900,147.91893481182800,105.88886088709700,1.3259615879155600,-36.3629620295699,1.5083393201035600,0.3986701448186490,0.7158573783795910,12689910,10434558,2236259,2337896,7678198,1687.3924828177700,2260.603719469820,1970.0916912694100,26101.88470197250,0.4904147243209260,0.22527082758301100,0.29124789436271400,1.1474611712174800
lP_s54,Experiment 1,lowP_SynCom9,30.05.22,day 21,jpg,120.67673492481400,152.74093095118900,107.0743368224060,1.3412971432311500,-38.865395077579300,1.49109390867862,0.40143006914197100,0.7010192759439370,12689910,10962727,1726505,1736199,6185746,1482.6511525584800,1852.8472507927800,1641.5151112182700,19029.43686707650,0.46379613694069500,0.19421522651965500,0.27911023181359200,1.1287421225246400
lP_s55,Experiment 1,lowP_SynCom9,30.05.22,day 21,jpg,118.77586349935000,150.53344763695700,103.9938331351460,1.351471496448110,-39.14859931970910,1.4798684287876800,0.40324719988828800,0.6908353908557820,12689910,11326639,1358481,1411079,4557868,1315.1698483357100,1698.1461184150700,1545.8127216436800,14268.97893091270,0.4139617115899470,0.18579926669467700,0.2980518523134060,1.098545829412900
lP_s56,Experiment 1,lowP_SynCom9,30.05.22,day 21,jpg,119.66206173558500,151.02681421083300,106.65980198019800,1.3346197466851300,-37.865882352941200,1.4985541799209200,0.40023146507539500,0.7062308937491150,12689910,11066735,1613002,1714558,9130676,1433.0868543591200,1913.1394890464800,1610.6884630176900,18633.395236516100,0.5396202553423050,0.14944643736997600,0.1766574566877630,1.1877774833391000
lP_s57,Experiment 1,lowP_SynCom9,30.05.22,day 21,jpg,108.0338911510580,137.92417320488600,98.64102691429140,1.3346967740059800,-34.58671417221170,1.4984676961473100,0.4002453189777160,0.7151830213820470,12689910,11176592,1513318,1540242,6284548,1388.0980950060900,1784.5630490102800,1556.81521462026,16528.885568524200,0.48883022752215700,0.14123006536094100,0.24079981567489000,1.1462908585753900
lP_s58,Experiment 1,lowP_SynCom9,30.05.22,day 21,jpg,110.32517583582200,140.13797090278400,95.30301570478850,1.363022938176330,-37.323875132479000,1.4673267367575800,0.405296949569859,0.6800656174114400,12689910,11520079,1169831,1203051,8946233,1220.4405310612600,1652.6306420311700,1561.483736780160,19060.383043207300,0.3275109514279940,0.10600881323297100,0.1307624113970650,1.0583719849935600
lP_s59,Experiment 1,lowP_SynCom9,30.05.22,day 21,jpg,118.81079404466500,150.07017083412900,105.87910383661000,1.3357981133039200,-37.725221893491100,1.497232238974550,0.40044333257952700,0.7055306410868110,12689910,11110742,1574745,1616177,7380764,1415.9899741431700,1899.2170822550500,1734.4855842767200,17406.15764646290,0.407369406026004,0.15390759904751400,0.2133579938337010,1.0949742675705300
lP_s60,Experiment 1,lowP_SynCom9,30.05.22,day 21,jpg,119.78688664911900,150.42083413579900,110.16830369562000,1.3082621349863300,-35.443238963429000,1.5287456133712000,0.3954529845597430,0.7324005635825730,12689910,10879798,1755778,1854728,7548508,1495.1675429115000,1748.7817081034500,1698.5368374138400,18342.85108063880,0.23798576038567500,0.19380806491404200,0.23259934281052600,1.02958126640698